statement,url,text,source,category,label,dataset_name,update_date,source_type
"The producer prices collected as at 15thof the mid-month of every quarter that is; (Q1: January-March), (Q2: April-June), (Q3: July-September) and (Q4: October-December)",https://www.nbs.go.tz/statistics/topic/producer-price-indices-ppi,"NBS information: The producer prices collected as at 15thof the mid-month of every quarter that is; (Q1: January-March), (Q2: April-June), (Q3: July-September) and (Q4: October-December)",National Bureau of Statistics (NBS),official_statistics,verified,NBS_Content,2026-04-13,government
"NBS Dataset: 28 February, 2026Producer Price Indices for the Quarter ending December, 2025",https://www.nbs.go.tz/uploads/statistics/documents/en-1774364401-PPI Release 2025Q4.pdf,"Statistical dataset from National Bureau of Statistics Tanzania: 28 February, 2026Producer Price Indices for the Quarter ending December, 2025",National Bureau of Statistics (NBS),official_statistics,verified,NBS_Datasets,2026-04-13,government
"NBS Dataset: 08 December, 2025Producer Price Indices for the Quarter ending September, 2025",https://www.nbs.go.tz/uploads/statistics/documents/en-1765404451-PPI Release 2025Q3.pdf,"Statistical dataset from National Bureau of Statistics Tanzania: 08 December, 2025Producer Price Indices for the Quarter ending September, 2025",National Bureau of Statistics (NBS),official_statistics,verified,NBS_Datasets,2026-04-13,government
"NBS Dataset: 31 August, 2025Producer Price Indices for the Quarter ending June, 2025",https://www.nbs.go.tz/uploads/statistics/documents/en-1758032194-PPI Release 2025Q2.pdf,"Statistical dataset from National Bureau of Statistics Tanzania: 31 August, 2025Producer Price Indices for the Quarter ending June, 2025",National Bureau of Statistics (NBS),official_statistics,verified,NBS_Datasets,2026-04-13,government
"NBS Dataset: 30 May, 2025Producer Price Index (PPI) for the First quarter January - March of 2025.",https://www.nbs.go.tz/uploads/statistics/documents/en-1750100529-PPI Release 2025Q1.pdf,"Statistical dataset from National Bureau of Statistics Tanzania: 30 May, 2025Producer Price Index (PPI) for the First quarter January - March of 2025.",National Bureau of Statistics (NBS),official_statistics,verified,NBS_Datasets,2026-04-13,government
"NBS Dataset: 24 March, 2025Producer Price Index (PPI) for the Quarter Ending December, 2024",https://www.nbs.go.tz/uploads/statistics/documents/en-1742823705-PPI Release 2024Q4.pdf,"Statistical dataset from National Bureau of Statistics Tanzania: 24 March, 2025Producer Price Index (PPI) for the Quarter Ending December, 2024",National Bureau of Statistics (NBS),official_statistics,verified,NBS_Datasets,2026-04-13,government
"NBS Dataset: 03 December, 2024Producer Price Indices (PPI) for the third quarter July - September 2024",https://www.nbs.go.tz/uploads/statistics/documents/en-1733311672-PPI Release 2024Q3.pdf,"Statistical dataset from National Bureau of Statistics Tanzania: 03 December, 2024Producer Price Indices (PPI) for the third quarter July - September 2024",National Bureau of Statistics (NBS),official_statistics,verified,NBS_Datasets,2026-04-13,government
"NBS Dataset: 06 September, 2024Producer Price Indices (PPI) for the second quarter April - June of 2024",https://www.nbs.go.tz/uploads/statistics/documents/en-1725869892-PPI Release 2024Q2 .pdf,"Statistical dataset from National Bureau of Statistics Tanzania: 06 September, 2024Producer Price Indices (PPI) for the second quarter April - June of 2024",National Bureau of Statistics (NBS),official_statistics,verified,NBS_Datasets,2026-04-13,government
"NBS Dataset: 28 May, 2024Producer Price Index (PPI) for the first quarter January - March of 2024.",https://www.nbs.go.tz/uploads/statistics/documents/en-1718797051-PPI Release 2024Q1.pdf,"Statistical dataset from National Bureau of Statistics Tanzania: 28 May, 2024Producer Price Index (PPI) for the first quarter January - March of 2024.",National Bureau of Statistics (NBS),official_statistics,verified,NBS_Datasets,2026-04-13,government
"NBS Dataset: 06 March, 2024Producer Price Index (PPI) for the fourth quarter October - December of 2023",https://www.nbs.go.tz/uploads/statistics/documents/en-1711105912-Producer_Price_Index_Release_OCT-DEC _2023.pdf,"Statistical dataset from National Bureau of Statistics Tanzania: 06 March, 2024Producer Price Index (PPI) for the fourth quarter October - December of 2023",National Bureau of Statistics (NBS),official_statistics,verified,NBS_Datasets,2026-04-13,government
"NBS Dataset: 28 November, 2023Producer Price Indices (PPI) for July - September, 2023",https://www.nbs.go.tz/uploads/statistics/documents/en-1707416362-PP_IRelease_JULY-SEPT_2023.pdf,"Statistical dataset from National Bureau of Statistics Tanzania: 28 November, 2023Producer Price Indices (PPI) for July - September, 2023",National Bureau of Statistics (NBS),official_statistics,verified,NBS_Datasets,2026-04-13,government
"NBS Dataset: 31 March, 2026TPI Statistical Release December, 2025",https://www.nbs.go.tz/uploads/statistics/documents/en-1775110578-TPI Statistical Release December2025.pdf,"Statistical dataset from National Bureau of Statistics Tanzania: 31 March, 2026TPI Statistical Release December, 2025",National Bureau of Statistics (NBS),official_statistics,verified,NBS_Datasets,2026-04-13,government
"NBS Dataset: 23 December, 2025TPI Statistical Release September 2025",https://www.nbs.go.tz/uploads/statistics/documents/en-1771582698-TPI Statistical Release September 2025 .pdf,"Statistical dataset from National Bureau of Statistics Tanzania: 23 December, 2025TPI Statistical Release September 2025",National Bureau of Statistics (NBS),official_statistics,verified,NBS_Datasets,2026-04-13,government
"NBS Dataset: 30 October, 2025TPI Statistical Release June 2025",https://www.nbs.go.tz/uploads/statistics/documents/en-1769160561-TPI Statistical Release June 2025.pdf,"Statistical dataset from National Bureau of Statistics Tanzania: 30 October, 2025TPI Statistical Release June 2025",National Bureau of Statistics (NBS),official_statistics,verified,NBS_Datasets,2026-04-13,government
"NBS Dataset: 01 June, 2025TPI Statistical Release March 2025",https://www.nbs.go.tz/uploads/statistics/documents/en-1750839337-TPI Statistical Release March 2025.pdf,"Statistical dataset from National Bureau of Statistics Tanzania: 01 June, 2025TPI Statistical Release March 2025",National Bureau of Statistics (NBS),official_statistics,verified,NBS_Datasets,2026-04-13,government
"NBS Dataset: 06 March, 2025TPI Statistical Release December 2024",https://www.nbs.go.tz/uploads/statistics/documents/en-1741271985-TPI Statistical Release December 2024.pdf,"Statistical dataset from National Bureau of Statistics Tanzania: 06 March, 2025TPI Statistical Release December 2024",National Bureau of Statistics (NBS),official_statistics,verified,NBS_Datasets,2026-04-13,government
"NBS Dataset: 17 December, 2024TPI Statistical Release September 2024",https://www.nbs.go.tz/uploads/statistics/documents/en-1734432046-TPI Statistical Release September 2024.pdf,"Statistical dataset from National Bureau of Statistics Tanzania: 17 December, 2024TPI Statistical Release September 2024",National Bureau of Statistics (NBS),official_statistics,verified,NBS_Datasets,2026-04-13,government
"NBS Dataset: 11 September, 2024TPI Statistical Release June 2024",https://www.nbs.go.tz/uploads/statistics/documents/en-1726052052-TPI Statistical Release June 2024.pdf,"Statistical dataset from National Bureau of Statistics Tanzania: 11 September, 2024TPI Statistical Release June 2024",National Bureau of Statistics (NBS),official_statistics,verified,NBS_Datasets,2026-04-13,government
"NBS Dataset: 17 May, 2024TPI Statistical Release March 2024",https://www.nbs.go.tz/uploads/statistics/documents/en-1718201752-TPI Statistical Release March 2024.pdf,"Statistical dataset from National Bureau of Statistics Tanzania: 17 May, 2024TPI Statistical Release March 2024",National Bureau of Statistics (NBS),official_statistics,verified,NBS_Datasets,2026-04-13,government
"NBS Dataset: 08 March, 2024TPI Statistical Release December 2023",https://www.nbs.go.tz/uploads/statistics/documents/en-1718201517-TPI Statistical Release December 2023.pdf,"Statistical dataset from National Bureau of Statistics Tanzania: 08 March, 2024TPI Statistical Release December 2023",National Bureau of Statistics (NBS),official_statistics,verified,NBS_Datasets,2026-04-13,government
"NBS Dataset: 29 December, 2023TPI_Statistical_Release_September_2023",https://www.nbs.go.tz/uploads/statistics/documents/en-1706889463-TPI_Statistical_Release_September_2023.pdf,"Statistical dataset from National Bureau of Statistics Tanzania: 29 December, 2023TPI_Statistical_Release_September_2023",National Bureau of Statistics (NBS),official_statistics,verified,NBS_Datasets,2026-04-13,government
"The volume of industrial production is collected every quarter (Q1: January-March), (Q2: April-June), (Q3: July-September) and (Q4: October-December)",https://www.nbs.go.tz/statistics/topic/index-of-industrial-production-iip,"NBS information: The volume of industrial production is collected every quarter (Q1: January-March), (Q2: April-June), (Q3: July-September) and (Q4: October-December)",National Bureau of Statistics (NBS),official_statistics,verified,NBS_Content,2026-04-13,government
"NBS Dataset: 27 February, 2026Index of Industrial Production (IIP)  release for October - December, 2025",https://www.nbs.go.tz/uploads/statistics/documents/en-1773928099-2025Q4 IIP RELEASE.pdf,"Statistical dataset from National Bureau of Statistics Tanzania: 27 February, 2026Index of Industrial Production (IIP)  release for October - December, 2025",National Bureau of Statistics (NBS),official_statistics,verified,NBS_Datasets,2026-04-13,government
"NBS Dataset: 08 December, 2025Index of Industrial Production (IIP) release for July – September, 2025",https://www.nbs.go.tz/uploads/statistics/documents/en-1765404046-2025Q3 IIP RELEASE.pdf,"Statistical dataset from National Bureau of Statistics Tanzania: 08 December, 2025Index of Industrial Production (IIP) release for July – September, 2025",National Bureau of Statistics (NBS),official_statistics,verified,NBS_Datasets,2026-04-13,government
"NBS Dataset: 31 August, 2025Index of Industrial Production (IIP) Release for April – June, 2025",https://www.nbs.go.tz/uploads/statistics/documents/en-1758031945-2025Q2 IIP RELEASE.pdf,"Statistical dataset from National Bureau of Statistics Tanzania: 31 August, 2025Index of Industrial Production (IIP) Release for April – June, 2025",National Bureau of Statistics (NBS),official_statistics,verified,NBS_Datasets,2026-04-13,government
"NBS Dataset: 12 June, 2025Index of Industrial Production (IIP) for January - March, 2025",https://www.nbs.go.tz/uploads/statistics/documents/en-1749723349-2025Q1 IIP RELEASE.pdf,"Statistical dataset from National Bureau of Statistics Tanzania: 12 June, 2025Index of Industrial Production (IIP) for January - March, 2025",National Bureau of Statistics (NBS),official_statistics,verified,NBS_Datasets,2026-04-13,government
"NBS Dataset: 24 March, 2025Index of Industrial Production (IIP) for October – December, 2024",https://www.nbs.go.tz/uploads/statistics/documents/en-1742824187-IIP_Release Oct_ Dec 2024.pdf,"Statistical dataset from National Bureau of Statistics Tanzania: 24 March, 2025Index of Industrial Production (IIP) for October – December, 2024",National Bureau of Statistics (NBS),official_statistics,verified,NBS_Datasets,2026-04-13,government
"NBS Dataset: 03 December, 2024The Index of Industrial Production (IIP) for  July _ September, 2024",https://www.nbs.go.tz/uploads/statistics/documents/en-1733211871-IIP_Release July_ Sept 2024.pdf,"Statistical dataset from National Bureau of Statistics Tanzania: 03 December, 2024The Index of Industrial Production (IIP) for  July _ September, 2024",National Bureau of Statistics (NBS),official_statistics,verified,NBS_Datasets,2026-04-13,government
"NBS Dataset: 30 August, 2024The Index of Industrial Production (IIP) for  April _ June, 2024","https://www.nbs.go.tz/uploads/statistics/documents/en-1725870204-IIP_Release April _ June, 2024.pdf","Statistical dataset from National Bureau of Statistics Tanzania: 30 August, 2024The Index of Industrial Production (IIP) for  April _ June, 2024",National Bureau of Statistics (NBS),official_statistics,verified,NBS_Datasets,2026-04-13,government
"NBS Dataset: 31 May, 2024The Index of Industrial Production (IIP) for January – March 2024",https://www.nbs.go.tz/uploads/statistics/documents/en-1718796481-IIP_Release Jan_March 2024.pdf,"Statistical dataset from National Bureau of Statistics Tanzania: 31 May, 2024The Index of Industrial Production (IIP) for January – March 2024",National Bureau of Statistics (NBS),official_statistics,verified,NBS_Datasets,2026-04-13,government
"NBS Dataset: 31 May, 2024Quarterly IIP Series 2019Q1 - 2024Q1",https://www.nbs.go.tz/uploads/statistics/documents/en-1718796586-QUARTERLY IIP SERIES 2019Q1 - 20241.xlsx,"Statistical dataset from National Bureau of Statistics Tanzania: 31 May, 2024Quarterly IIP Series 2019Q1 - 2024Q1",National Bureau of Statistics (NBS),official_statistics,verified,NBS_Datasets,2026-04-13,government
"NBS Dataset: 06 March, 2024The Index of Industrial Production (IIP) for October - December 2023",https://www.nbs.go.tz/uploads/statistics/documents/en-1711100179-Index_of_Industrial_Production_Release_OCT_DEC_2023.pdf,"Statistical dataset from National Bureau of Statistics Tanzania: 06 March, 2024The Index of Industrial Production (IIP) for October - December 2023",National Bureau of Statistics (NBS),official_statistics,verified,NBS_Datasets,2026-04-13,government
UTAFITI WA KUFUATILIA KAYA TANZANIA(NPS) WA MWAKA WA 2026,https://www.nbs.go.tz/statistics/topic/utafiti-wa-kufuatilia-kaya-tanzania-nps-wa-mwaka-wa-6,NBS information: UTAFITI WA KUFUATILIA KAYA TANZANIA(NPS) WA MWAKA WA 2026,National Bureau of Statistics (NBS),official_statistics,verified,NBS_Content,2026-04-13,government
"Ofisi ya Taifa ya Takwimu (NBS) ipo katika maandalizi ya Utafiti wa Kufuatilia Kaya (National Panel Survey, Wave 6– NPS 2026)",https://www.nbs.go.tz/statistics/topic/utafiti-wa-kufuatilia-kaya-tanzania-nps-wa-mwaka-wa-6,"NBS information: Ofisi ya Taifa ya Takwimu (NBS) ipo katika maandalizi ya Utafiti wa Kufuatilia Kaya (National Panel Survey, Wave 6– NPS 2026)",National Bureau of Statistics (NBS),official_statistics,verified,NBS_Content,2026-04-13,government
Utafiti huu umekuwa ukifanyika tangu mwaka 2008/09,https://www.nbs.go.tz/statistics/topic/utafiti-wa-kufuatilia-kaya-tanzania-nps-wa-mwaka-wa-6,NBS information: Utafiti huu umekuwa ukifanyika tangu mwaka 2008/09,National Bureau of Statistics (NBS),official_statistics,verified,NBS_Content,2026-04-13,government
Mwisho wa kupokea maoni ni tarehe 27 Februari 2026 nabaada ya kupokea maoni kutakuwa na kikao cha wadau mnamo wiki ya kwanza ya mwezi Machi,https://www.nbs.go.tz/statistics/topic/utafiti-wa-kufuatilia-kaya-tanzania-nps-wa-mwaka-wa-6,NBS information: Mwisho wa kupokea maoni ni tarehe 27 Februari 2026 nabaada ya kupokea maoni kutakuwa na kikao cha wadau mnamo wiki ya kwanza ya mwezi Machi,National Bureau of Statistics (NBS),official_statistics,verified,NBS_Content,2026-04-13,government
"NBS Dataset: 02 February, 2026NPS 202627 Core Agriculture Questionnaire - OFFICIAL - January 2026",https://www.nbs.go.tz/uploads/statistics/documents/en-1770031087-NPS 202627 Core Agriculture Questionnaire - OFFICIAL - January 2026.xlsx,"Statistical dataset from National Bureau of Statistics Tanzania: 02 February, 2026NPS 202627 Core Agriculture Questionnaire - OFFICIAL - January 2026",National Bureau of Statistics (NBS),official_statistics,verified,NBS_Datasets,2026-04-13,government
"NBS Dataset: 02 February, 2026NPS 202627 Core Community Questionnaire - OFFICIAL - January 2026",https://www.nbs.go.tz/uploads/statistics/documents/en-1770031138-NPS 202627 Core Community Questionnaire - OFFICIAL - January 2026.xlsx,"Statistical dataset from National Bureau of Statistics Tanzania: 02 February, 2026NPS 202627 Core Community Questionnaire - OFFICIAL - January 2026",National Bureau of Statistics (NBS),official_statistics,verified,NBS_Datasets,2026-04-13,government
"NBS Dataset: 02 February, 2026NPS 202627 Core Household Questionnaire  - OFFICIAL - January 2026",https://www.nbs.go.tz/uploads/statistics/documents/en-1770031191-NPS 202627 Core Household Questionnaire  - OFFICIAL - January 2026.xlsx,"Statistical dataset from National Bureau of Statistics Tanzania: 02 February, 2026NPS 202627 Core Household Questionnaire  - OFFICIAL - January 2026",National Bureau of Statistics (NBS),official_statistics,verified,NBS_Datasets,2026-04-13,government
Health Statistics: Tanzania National Health PortalPowered byDHIS2Developed byHISP Tanzania,https://hmisportal.moh.go.tz,Health data from Ministry of Health Tanzania: Tanzania National Health PortalPowered byDHIS2Developed byHISP Tanzania,Ministry of Health Tanzania,health,verified,,,
"Health Statistics: Tanzania National Health PortalMinistry of HealthUseful linksThe ministry of health TanzaniaHFR web portalNBS TanzaniaMSD TanzaniaTMATMDANHIFNSMIS public portalContact usMinistry of HealthIdara Kuu ya Afya Mji wa Serikali/ Mtumba Barabara ya AfyaS.L.P 74340478 Dodoma, TanzaniaTel: +255 22 2342000/5Email: ps@afya.go.tzAll rights reserved©2026|Ministry of Health",https://hmisportal.moh.go.tz,"Health data from Ministry of Health Tanzania: Tanzania National Health PortalMinistry of HealthUseful linksThe ministry of health TanzaniaHFR web portalNBS TanzaniaMSD TanzaniaTMATMDANHIFNSMIS public portalContact usMinistry of HealthIdara Kuu ya Afya Mji wa Serikali/ Mtumba Barabara ya AfyaS.L.P 74340478 Dodoma, TanzaniaTel: +255 22 2342000/5Email: ps@afya.go.tzAll rights reserved©2026|Ministry of Health",Ministry of Health Tanzania,health,verified,,,
"Health Statistics: Useful linksThe ministry of health TanzaniaHFR web portalNBS TanzaniaMSD TanzaniaTMATMDANHIFNSMIS public portalContact usMinistry of HealthIdara Kuu ya Afya Mji wa Serikali/ Mtumba Barabara ya AfyaS.L.P 74340478 Dodoma, TanzaniaTel: +255 22 2342000/5Email: ps@afya.go.tzAll rights reserved©2026|Ministry of Health",https://hmisportal.moh.go.tz,"Health data from Ministry of Health Tanzania: Useful linksThe ministry of health TanzaniaHFR web portalNBS TanzaniaMSD TanzaniaTMATMDANHIFNSMIS public portalContact usMinistry of HealthIdara Kuu ya Afya Mji wa Serikali/ Mtumba Barabara ya AfyaS.L.P 74340478 Dodoma, TanzaniaTel: +255 22 2342000/5Email: ps@afya.go.tzAll rights reserved©2026|Ministry of Health",Ministry of Health Tanzania,health,verified,,,
"Health Statistics: Useful linksThe ministry of health TanzaniaHFR web portalNBS TanzaniaMSD TanzaniaTMATMDANHIFNSMIS public portalContact usMinistry of HealthIdara Kuu ya Afya Mji wa Serikali/ Mtumba Barabara ya AfyaS.L.P 74340478 Dodoma, TanzaniaTel: +255 22 2342000/5Email: ps@afya.go.tz",https://hmisportal.moh.go.tz,"Health data from Ministry of Health Tanzania: Useful linksThe ministry of health TanzaniaHFR web portalNBS TanzaniaMSD TanzaniaTMATMDANHIFNSMIS public portalContact usMinistry of HealthIdara Kuu ya Afya Mji wa Serikali/ Mtumba Barabara ya AfyaS.L.P 74340478 Dodoma, TanzaniaTel: +255 22 2342000/5Email: ps@afya.go.tz",Ministry of Health Tanzania,health,verified,,,
"Health Statistics: Contact usMinistry of HealthIdara Kuu ya Afya Mji wa Serikali/ Mtumba Barabara ya AfyaS.L.P 74340478 Dodoma, TanzaniaTel: +255 22 2342000/5Email: ps@afya.go.tz",https://hmisportal.moh.go.tz,"Health data from Ministry of Health Tanzania: Contact usMinistry of HealthIdara Kuu ya Afya Mji wa Serikali/ Mtumba Barabara ya AfyaS.L.P 74340478 Dodoma, TanzaniaTel: +255 22 2342000/5Email: ps@afya.go.tz",Ministry of Health Tanzania,health,verified,,,
"Health Statistics: Ministry of HealthIdara Kuu ya Afya Mji wa Serikali/ Mtumba Barabara ya AfyaS.L.P 74340478 Dodoma, TanzaniaTel: +255 22 2342000/5Email: ps@afya.go.tz",https://hmisportal.moh.go.tz,"Health data from Ministry of Health Tanzania: Ministry of HealthIdara Kuu ya Afya Mji wa Serikali/ Mtumba Barabara ya AfyaS.L.P 74340478 Dodoma, TanzaniaTel: +255 22 2342000/5Email: ps@afya.go.tz",Ministry of Health Tanzania,health,verified,,,
Health Statistics: All rights reserved©2026|Ministry of Health,https://hmisportal.moh.go.tz,Health data from Ministry of Health Tanzania: All rights reserved©2026|Ministry of Health,Ministry of Health Tanzania,health,verified,,,
"Health Statistics: National Key IndicatorsEarly ANC among Pregnant Women < 12 weeksOctober - December 20250Percentage of Women Aged 30-49 years Screened for Cervical CancerOctober - December 20250Early Initiation of Breastfeeding among All NewbornOctober - December 20250Essential Medicine AvailabilityOctober - December 20250Full Immunization Coverage among InfantsOctober - December 20250Institutional Deliveries CoverageOctober - December 20250TB Incidence per 100,000 population20240TB Treatment coverage20240Highlighted VisualizationsMessage From the Permanent SecretaryThe National Health Portal serves as the official platform for disseminating health information and statistics from Tanzania's Ministry of Health. The Portal was established in 2015 under the Monitoring and Evaluation section to provide quick and easy access to data across the health sector.This interactive and user-friendly portal offers a centralized point for accessing key health information. Its main categories include: Routine Data, Survey, Library, Themes and News&Feedback. It provides insights into the country’s health status, services, and performance. It serves a wide range of stakeholders, including government agencies, donors, implementing partners, researchers, academic institutions, faith-based organizations, the private sector, civil society organizations, media, and the general public.Data on the portal is updated quarterly, following analysis from various reporting sources. The portal is designed to support evidence-based decision-making, improve service delivery, and raise public awareness on health issues.All stakeholders and members of the public are encouraged to visit and make use of the National Health Portal to support the development and improvement of Tanzania’s health sector.Dkt. Seif ShekalaghePermanent Secretary (Health)",https://hmisportal.moh.go.tz,"Health data from Ministry of Health Tanzania: National Key IndicatorsEarly ANC among Pregnant Women < 12 weeksOctober - December 20250Percentage of Women Aged 30-49 years Screened for Cervical CancerOctober - December 20250Early Initiation of Breastfeeding among All NewbornOctober - December 20250Essential Medicine AvailabilityOctober - December 20250Full Immunization Coverage among InfantsOctober - December 20250Institutional Deliveries CoverageOctober - December 20250TB Incidence per 100,000 population20240TB Treatment coverage20240Highlighted VisualizationsMessage From the Permanent SecretaryThe National Health Portal serves as the official platform for disseminating health information and statistics from Tanzania's Ministry of Health. The Portal was established in 2015 under the Monitoring and Evaluation section to provide quick and easy access to data across the health sector.This interactive and user-friendly portal offers a centralized point for accessing key health information. Its main categories include: Routine Data, Survey, Library, Themes and News&Feedback. It provides insights into the country’s health status, services, and performance. It serves a wide range of stakeholders, including government agencies, donors, implementing partners, researchers, academic institutions, faith-based organizations, the private sector, civil society organizations, media, and the general public.Data on the portal is updated quarterly, following analysis from various reporting sources. The portal is designed to support evidence-based decision-making, improve service delivery, and raise public awareness on health issues.All stakeholders and members of the public are encouraged to visit and make use of the National Health Portal to support the development and improvement of Tanzania’s health sector.Dkt. Seif ShekalaghePermanent Secretary (Health)",Ministry of Health Tanzania,health,verified,,,
"Health Statistics: National Key IndicatorsEarly ANC among Pregnant Women < 12 weeksOctober - December 20250Percentage of Women Aged 30-49 years Screened for Cervical CancerOctober - December 20250Early Initiation of Breastfeeding among All NewbornOctober - December 20250Essential Medicine AvailabilityOctober - December 20250Full Immunization Coverage among InfantsOctober - December 20250Institutional Deliveries CoverageOctober - December 20250TB Incidence per 100,000 population20240TB Treatment coverage20240",https://hmisportal.moh.go.tz,"Health data from Ministry of Health Tanzania: National Key IndicatorsEarly ANC among Pregnant Women < 12 weeksOctober - December 20250Percentage of Women Aged 30-49 years Screened for Cervical CancerOctober - December 20250Early Initiation of Breastfeeding among All NewbornOctober - December 20250Essential Medicine AvailabilityOctober - December 20250Full Immunization Coverage among InfantsOctober - December 20250Institutional Deliveries CoverageOctober - December 20250TB Incidence per 100,000 population20240TB Treatment coverage20240",Ministry of Health Tanzania,health,verified,,,
"Health Statistics: Early ANC among Pregnant Women < 12 weeksOctober - December 20250Percentage of Women Aged 30-49 years Screened for Cervical CancerOctober - December 20250Early Initiation of Breastfeeding among All NewbornOctober - December 20250Essential Medicine AvailabilityOctober - December 20250Full Immunization Coverage among InfantsOctober - December 20250Institutional Deliveries CoverageOctober - December 20250TB Incidence per 100,000 population20240TB Treatment coverage20240",https://hmisportal.moh.go.tz,"Health data from Ministry of Health Tanzania: Early ANC among Pregnant Women < 12 weeksOctober - December 20250Percentage of Women Aged 30-49 years Screened for Cervical CancerOctober - December 20250Early Initiation of Breastfeeding among All NewbornOctober - December 20250Essential Medicine AvailabilityOctober - December 20250Full Immunization Coverage among InfantsOctober - December 20250Institutional Deliveries CoverageOctober - December 20250TB Incidence per 100,000 population20240TB Treatment coverage20240",Ministry of Health Tanzania,health,verified,,,
Health Statistics: Percentage of Women Aged 30-49 years Screened for Cervical CancerOctober - December 20250,https://hmisportal.moh.go.tz,Health data from Ministry of Health Tanzania: Percentage of Women Aged 30-49 years Screened for Cervical CancerOctober - December 20250,Ministry of Health Tanzania,health,verified,,,
Health Statistics: Percentage of Women Aged 30-49 years Screened for Cervical CancerOctober - December 2025,https://hmisportal.moh.go.tz,Health data from Ministry of Health Tanzania: Percentage of Women Aged 30-49 years Screened for Cervical CancerOctober - December 2025,Ministry of Health Tanzania,health,verified,,,
Health Statistics: Essential Medicine AvailabilityOctober - December 20250,https://hmisportal.moh.go.tz,Health data from Ministry of Health Tanzania: Essential Medicine AvailabilityOctober - December 20250,Ministry of Health Tanzania,health,verified,,,
Health Statistics: Essential Medicine AvailabilityOctober - December 2025,https://hmisportal.moh.go.tz,Health data from Ministry of Health Tanzania: Essential Medicine AvailabilityOctober - December 2025,Ministry of Health Tanzania,health,verified,,,
"Health Statistics: TB Incidence per 100,000 population20240",https://hmisportal.moh.go.tz,"Health data from Ministry of Health Tanzania: TB Incidence per 100,000 population20240",Ministry of Health Tanzania,health,verified,,,
"Health Statistics: TB Incidence per 100,000 population2024",https://hmisportal.moh.go.tz,"Health data from Ministry of Health Tanzania: TB Incidence per 100,000 population2024",Ministry of Health Tanzania,health,verified,,,
Health Statistics: TB Treatment coverage20240,https://hmisportal.moh.go.tz,Health data from Ministry of Health Tanzania: TB Treatment coverage20240,Ministry of Health Tanzania,health,verified,,,
Health Statistics: TB Treatment coverage2024,https://hmisportal.moh.go.tz,Health data from Ministry of Health Tanzania: TB Treatment coverage2024,Ministry of Health Tanzania,health,verified,,,
"Health Statistics: Message From the Permanent SecretaryThe National Health Portal serves as the official platform for disseminating health information and statistics from Tanzania's Ministry of Health. The Portal was established in 2015 under the Monitoring and Evaluation section to provide quick and easy access to data across the health sector.This interactive and user-friendly portal offers a centralized point for accessing key health information. Its main categories include: Routine Data, Survey, Library, Themes and News&Feedback. It provides insights into the country’s health status, services, and performance. It serves a wide range of stakeholders, including government agencies, donors, implementing partners, researchers, academic institutions, faith-based organizations, the private sector, civil society organizations, media, and the general public.Data on the portal is updated quarterly, following analysis from various reporting sources. The portal is designed to support evidence-based decision-making, improve service delivery, and raise public awareness on health issues.All stakeholders and members of the public are encouraged to visit and make use of the National Health Portal to support the development and improvement of Tanzania’s health sector.Dkt. Seif ShekalaghePermanent Secretary (Health)",https://hmisportal.moh.go.tz,"Health data from Ministry of Health Tanzania: Message From the Permanent SecretaryThe National Health Portal serves as the official platform for disseminating health information and statistics from Tanzania's Ministry of Health. The Portal was established in 2015 under the Monitoring and Evaluation section to provide quick and easy access to data across the health sector.This interactive and user-friendly portal offers a centralized point for accessing key health information. Its main categories include: Routine Data, Survey, Library, Themes and News&Feedback. It provides insights into the country’s health status, services, and performance. It serves a wide range of stakeholders, including government agencies, donors, implementing partners, researchers, academic institutions, faith-based organizations, the private sector, civil society organizations, media, and the general public.Data on the portal is updated quarterly, following analysis from various reporting sources. The portal is designed to support evidence-based decision-making, improve service delivery, and raise public awareness on health issues.All stakeholders and members of the public are encouraged to visit and make use of the National Health Portal to support the development and improvement of Tanzania’s health sector.Dkt. Seif ShekalaghePermanent Secretary (Health)",Ministry of Health Tanzania,health,verified,,,
"Health Statistics: The National Health Portal serves as the official platform for disseminating health information and statistics from Tanzania's Ministry of Health. The Portal was established in 2015 under the Monitoring and Evaluation section to provide quick and easy access to data across the health sector.This interactive and user-friendly portal offers a centralized point for accessing key health information. Its main categories include: Routine Data, Survey, Library, Themes and News&Feedback. It provides insights into the country’s health status, services, and performance. It serves a wide range of stakeholders, including government agencies, donors, implementing partners, researchers, academic institutions, faith-based organizations, the private sector, civil society organizations, media, and the general public.Data on the portal is updated quarterly, following analysis from various reporting sources. The portal is designed to support evidence-based decision-making, improve service delivery, and raise public awareness on health issues.All stakeholders and members of the public are encouraged to visit and make use of the National Health Portal to support the development and improvement of Tanzania’s health sector.Dkt. Seif ShekalaghePermanent Secretary (Health)",https://hmisportal.moh.go.tz,"Health data from Ministry of Health Tanzania: The National Health Portal serves as the official platform for disseminating health information and statistics from Tanzania's Ministry of Health. The Portal was established in 2015 under the Monitoring and Evaluation section to provide quick and easy access to data across the health sector.This interactive and user-friendly portal offers a centralized point for accessing key health information. Its main categories include: Routine Data, Survey, Library, Themes and News&Feedback. It provides insights into the country’s health status, services, and performance. It serves a wide range of stakeholders, including government agencies, donors, implementing partners, researchers, academic institutions, faith-based organizations, the private sector, civil society organizations, media, and the general public.Data on the portal is updated quarterly, following analysis from various reporting sources. The portal is designed to support evidence-based decision-making, improve service delivery, and raise public awareness on health issues.All stakeholders and members of the public are encouraged to visit and make use of the National Health Portal to support the development and improvement of Tanzania’s health sector.Dkt. Seif ShekalaghePermanent Secretary (Health)",Ministry of Health Tanzania,health,verified,,,
Health Statistics: The National Health Portal serves as the official platform for disseminating health information and statistics from Tanzania's Ministry of Health. The Portal was established in 2015 under the Monitoring and Evaluation section to provide quick and easy access to data across the health sector.,https://hmisportal.moh.go.tz,Health data from Ministry of Health Tanzania: The National Health Portal serves as the official platform for disseminating health information and statistics from Tanzania's Ministry of Health. The Portal was established in 2015 under the Monitoring and Evaluation section to provide quick and easy access to data across the health sector.,Ministry of Health Tanzania,health,verified,,,
"Education Statistics: United Republic of TanzaniaMinistry of EducationHomeStatisticsPublicationsLoginLoginOpen data for transparency and informed decision-makingStart Exploring Data NowStatistics CategoriesClick below to start filteringSelect a category to explore education statisticsBasic EducationEnrollmentsTeachersSchoolsExaminationsPass RatesInfrastructureEnrollment RatesTertiary EducationOverviewAdult EducationProgramsLearnersCenters👈 please select a category to continueChoose from the sidebar to explore education statisticsEnrollment DataSchool StatisticsTeacher InfoPerformance TrendsPublications & ResourcesAccess official reports, statistical books (BEST), and education sector publications5Documents AvailableSearch PublicationsCategoryAllBESTYearAll Years20242023202220212020BEST 2020 National DataEXCEL•4.3 MBComprehensive education statistics for the year 2020 including enrollment, teachers, schools, and examination data across all regions and education levels.Oct 20, 2020BESTPreviewDownloadBEST 2021 National DataEXCEL•1.6 MBComplete database of education statistics for 2021 with detailed breakdown by region, ownership, level, and gender for schools, teachers, and students.Oct 20, 2021BESTPreviewDownloadBEST 2022 National DataEXCEL•1.6 MBAnnual education sector data for 2022 covering enrollment trends, teacher qualifications, school infrastructure, and academic performance indicators.Oct 20, 2022BESTPreviewDownloadBEST 2023 National DataEXCEL•5.0 MBComprehensive education statistics for 2023 including student enrollment, teacher distribution, school facilities, and examination results by region and level.Oct 20, 2023BESTPreviewDownloadBEST 2024 National DataEXCEL•1.7 MBLatest education sector statistics for 2024 with complete data on enrollment, teachers, schools, examination performance, and key educational indicators.Oct 20, 2024BESTPreviewDownloadESMISEducation Sector Management Information SystemMinistry of Education, Science and Technology🇹🇿 Official Government Platform©2026ESMIS - United Republic of Tanzania. All rights reserved.Privacy PolicyTerms of ServiceContact Support",https://esmis.moe.go.tz/dashboard,"Education data from Ministry of Education Tanzania: United Republic of TanzaniaMinistry of EducationHomeStatisticsPublicationsLoginLoginOpen data for transparency and informed decision-makingStart Exploring Data NowStatistics CategoriesClick below to start filteringSelect a category to explore education statisticsBasic EducationEnrollmentsTeachersSchoolsExaminationsPass RatesInfrastructureEnrollment RatesTertiary EducationOverviewAdult EducationProgramsLearnersCenters👈 please select a category to continueChoose from the sidebar to explore education statisticsEnrollment DataSchool StatisticsTeacher InfoPerformance TrendsPublications & ResourcesAccess official reports, statistical books (BEST), and education sector publications5Documents AvailableSearch PublicationsCategoryAllBESTYearAll Years20242023202220212020BEST 2020 National DataEXCEL•4.3 MBComprehensive education statistics for the year 2020 including enrollment, teachers, schools, and examination data across all regions and education levels.Oct 20, 2020BESTPreviewDownloadBEST 2021 National DataEXCEL•1.6 MBComplete database of education statistics for 2021 with detailed breakdown by region, ownership, level, and gender for schools, teachers, and students.Oct 20, 2021BESTPreviewDownloadBEST 2022 National DataEXCEL•1.6 MBAnnual education sector data for 2022 covering enrollment trends, teacher qualifications, school infrastructure, and academic performance indicators.Oct 20, 2022BESTPreviewDownloadBEST 2023 National DataEXCEL•5.0 MBComprehensive education statistics for 2023 including student enrollment, teacher distribution, school facilities, and examination results by region and level.Oct 20, 2023BESTPreviewDownloadBEST 2024 National DataEXCEL•1.7 MBLatest education sector statistics for 2024 with complete data on enrollment, teachers, schools, examination performance, and key educational indicators.Oct 20, 2024BESTPreviewDownloadESMISEducation Sector Management Information SystemMinistry of Education, Science and Technology🇹🇿 Official Government Platform©2026ESMIS - United Republic of Tanzania. All rights reserved.Privacy PolicyTerms of ServiceContact Support",Ministry of Education Tanzania,education,verified,,,
"Education Statistics: Publications & ResourcesAccess official reports, statistical books (BEST), and education sector publications5Documents AvailableSearch PublicationsCategoryAllBESTYearAll Years20242023202220212020BEST 2020 National DataEXCEL•4.3 MBComprehensive education statistics for the year 2020 including enrollment, teachers, schools, and examination data across all regions and education levels.Oct 20, 2020BESTPreviewDownloadBEST 2021 National DataEXCEL•1.6 MBComplete database of education statistics for 2021 with detailed breakdown by region, ownership, level, and gender for schools, teachers, and students.Oct 20, 2021BESTPreviewDownloadBEST 2022 National DataEXCEL•1.6 MBAnnual education sector data for 2022 covering enrollment trends, teacher qualifications, school infrastructure, and academic performance indicators.Oct 20, 2022BESTPreviewDownloadBEST 2023 National DataEXCEL•5.0 MBComprehensive education statistics for 2023 including student enrollment, teacher distribution, school facilities, and examination results by region and level.Oct 20, 2023BESTPreviewDownloadBEST 2024 National DataEXCEL•1.7 MBLatest education sector statistics for 2024 with complete data on enrollment, teachers, schools, examination performance, and key educational indicators.Oct 20, 2024BESTPreviewDownload",https://esmis.moe.go.tz/dashboard,"Education data from Ministry of Education Tanzania: Publications & ResourcesAccess official reports, statistical books (BEST), and education sector publications5Documents AvailableSearch PublicationsCategoryAllBESTYearAll Years20242023202220212020BEST 2020 National DataEXCEL•4.3 MBComprehensive education statistics for the year 2020 including enrollment, teachers, schools, and examination data across all regions and education levels.Oct 20, 2020BESTPreviewDownloadBEST 2021 National DataEXCEL•1.6 MBComplete database of education statistics for 2021 with detailed breakdown by region, ownership, level, and gender for schools, teachers, and students.Oct 20, 2021BESTPreviewDownloadBEST 2022 National DataEXCEL•1.6 MBAnnual education sector data for 2022 covering enrollment trends, teacher qualifications, school infrastructure, and academic performance indicators.Oct 20, 2022BESTPreviewDownloadBEST 2023 National DataEXCEL•5.0 MBComprehensive education statistics for 2023 including student enrollment, teacher distribution, school facilities, and examination results by region and level.Oct 20, 2023BESTPreviewDownloadBEST 2024 National DataEXCEL•1.7 MBLatest education sector statistics for 2024 with complete data on enrollment, teachers, schools, examination performance, and key educational indicators.Oct 20, 2024BESTPreviewDownload",Ministry of Education Tanzania,education,verified,,,
"Education Statistics: 5Documents AvailableSearch PublicationsCategoryAllBESTYearAll Years20242023202220212020BEST 2020 National DataEXCEL•4.3 MBComprehensive education statistics for the year 2020 including enrollment, teachers, schools, and examination data across all regions and education levels.Oct 20, 2020BESTPreviewDownloadBEST 2021 National DataEXCEL•1.6 MBComplete database of education statistics for 2021 with detailed breakdown by region, ownership, level, and gender for schools, teachers, and students.Oct 20, 2021BESTPreviewDownloadBEST 2022 National DataEXCEL•1.6 MBAnnual education sector data for 2022 covering enrollment trends, teacher qualifications, school infrastructure, and academic performance indicators.Oct 20, 2022BESTPreviewDownloadBEST 2023 National DataEXCEL•5.0 MBComprehensive education statistics for 2023 including student enrollment, teacher distribution, school facilities, and examination results by region and level.Oct 20, 2023BESTPreviewDownloadBEST 2024 National DataEXCEL•1.7 MBLatest education sector statistics for 2024 with complete data on enrollment, teachers, schools, examination performance, and key educational indicators.Oct 20, 2024BESTPreviewDownload",https://esmis.moe.go.tz/dashboard,"Education data from Ministry of Education Tanzania: 5Documents AvailableSearch PublicationsCategoryAllBESTYearAll Years20242023202220212020BEST 2020 National DataEXCEL•4.3 MBComprehensive education statistics for the year 2020 including enrollment, teachers, schools, and examination data across all regions and education levels.Oct 20, 2020BESTPreviewDownloadBEST 2021 National DataEXCEL•1.6 MBComplete database of education statistics for 2021 with detailed breakdown by region, ownership, level, and gender for schools, teachers, and students.Oct 20, 2021BESTPreviewDownloadBEST 2022 National DataEXCEL•1.6 MBAnnual education sector data for 2022 covering enrollment trends, teacher qualifications, school infrastructure, and academic performance indicators.Oct 20, 2022BESTPreviewDownloadBEST 2023 National DataEXCEL•5.0 MBComprehensive education statistics for 2023 including student enrollment, teacher distribution, school facilities, and examination results by region and level.Oct 20, 2023BESTPreviewDownloadBEST 2024 National DataEXCEL•1.7 MBLatest education sector statistics for 2024 with complete data on enrollment, teachers, schools, examination performance, and key educational indicators.Oct 20, 2024BESTPreviewDownload",Ministry of Education Tanzania,education,verified,,,
"Education Statistics: BEST 2020 National DataEXCEL•4.3 MBComprehensive education statistics for the year 2020 including enrollment, teachers, schools, and examination data across all regions and education levels.Oct 20, 2020BESTPreviewDownloadBEST 2021 National DataEXCEL•1.6 MBComplete database of education statistics for 2021 with detailed breakdown by region, ownership, level, and gender for schools, teachers, and students.Oct 20, 2021BESTPreviewDownloadBEST 2022 National DataEXCEL•1.6 MBAnnual education sector data for 2022 covering enrollment trends, teacher qualifications, school infrastructure, and academic performance indicators.Oct 20, 2022BESTPreviewDownloadBEST 2023 National DataEXCEL•5.0 MBComprehensive education statistics for 2023 including student enrollment, teacher distribution, school facilities, and examination results by region and level.Oct 20, 2023BESTPreviewDownloadBEST 2024 National DataEXCEL•1.7 MBLatest education sector statistics for 2024 with complete data on enrollment, teachers, schools, examination performance, and key educational indicators.Oct 20, 2024BESTPreviewDownload",https://esmis.moe.go.tz/dashboard,"Education data from Ministry of Education Tanzania: BEST 2020 National DataEXCEL•4.3 MBComprehensive education statistics for the year 2020 including enrollment, teachers, schools, and examination data across all regions and education levels.Oct 20, 2020BESTPreviewDownloadBEST 2021 National DataEXCEL•1.6 MBComplete database of education statistics for 2021 with detailed breakdown by region, ownership, level, and gender for schools, teachers, and students.Oct 20, 2021BESTPreviewDownloadBEST 2022 National DataEXCEL•1.6 MBAnnual education sector data for 2022 covering enrollment trends, teacher qualifications, school infrastructure, and academic performance indicators.Oct 20, 2022BESTPreviewDownloadBEST 2023 National DataEXCEL•5.0 MBComprehensive education statistics for 2023 including student enrollment, teacher distribution, school facilities, and examination results by region and level.Oct 20, 2023BESTPreviewDownloadBEST 2024 National DataEXCEL•1.7 MBLatest education sector statistics for 2024 with complete data on enrollment, teachers, schools, examination performance, and key educational indicators.Oct 20, 2024BESTPreviewDownload",Ministry of Education Tanzania,education,verified,,,
"Education Statistics: BEST 2020 National DataEXCEL•4.3 MBComprehensive education statistics for the year 2020 including enrollment, teachers, schools, and examination data across all regions and education levels.Oct 20, 2020BESTPreviewDownload",https://esmis.moe.go.tz/dashboard,"Education data from Ministry of Education Tanzania: BEST 2020 National DataEXCEL•4.3 MBComprehensive education statistics for the year 2020 including enrollment, teachers, schools, and examination data across all regions and education levels.Oct 20, 2020BESTPreviewDownload",Ministry of Education Tanzania,education,verified,,,
"Education Statistics: Comprehensive education statistics for the year 2020 including enrollment, teachers, schools, and examination data across all regions and education levels.",https://esmis.moe.go.tz,"Education data from Ministry of Education Tanzania: Comprehensive education statistics for the year 2020 including enrollment, teachers, schools, and examination data across all regions and education levels.",Ministry of Education Tanzania,education,verified,,,
"Education Statistics: BEST 2021 National DataEXCEL•1.6 MBComplete database of education statistics for 2021 with detailed breakdown by region, ownership, level, and gender for schools, teachers, and students.Oct 20, 2021BESTPreviewDownload",https://esmis.moe.go.tz/dashboard,"Education data from Ministry of Education Tanzania: BEST 2021 National DataEXCEL•1.6 MBComplete database of education statistics for 2021 with detailed breakdown by region, ownership, level, and gender for schools, teachers, and students.Oct 20, 2021BESTPreviewDownload",Ministry of Education Tanzania,education,verified,,,
"Education Statistics: Complete database of education statistics for 2021 with detailed breakdown by region, ownership, level, and gender for schools, teachers, and students.",https://esmis.moe.go.tz,"Education data from Ministry of Education Tanzania: Complete database of education statistics for 2021 with detailed breakdown by region, ownership, level, and gender for schools, teachers, and students.",Ministry of Education Tanzania,education,verified,,,
"Education Statistics: BEST 2022 National DataEXCEL•1.6 MBAnnual education sector data for 2022 covering enrollment trends, teacher qualifications, school infrastructure, and academic performance indicators.Oct 20, 2022BESTPreviewDownload",https://esmis.moe.go.tz/dashboard,"Education data from Ministry of Education Tanzania: BEST 2022 National DataEXCEL•1.6 MBAnnual education sector data for 2022 covering enrollment trends, teacher qualifications, school infrastructure, and academic performance indicators.Oct 20, 2022BESTPreviewDownload",Ministry of Education Tanzania,education,verified,,,
"Education Statistics: Annual education sector data for 2022 covering enrollment trends, teacher qualifications, school infrastructure, and academic performance indicators.",https://esmis.moe.go.tz,"Education data from Ministry of Education Tanzania: Annual education sector data for 2022 covering enrollment trends, teacher qualifications, school infrastructure, and academic performance indicators.",Ministry of Education Tanzania,education,verified,,,
"Education Statistics: BEST 2023 National DataEXCEL•5.0 MBComprehensive education statistics for 2023 including student enrollment, teacher distribution, school facilities, and examination results by region and level.Oct 20, 2023BESTPreviewDownload",https://esmis.moe.go.tz/dashboard,"Education data from Ministry of Education Tanzania: BEST 2023 National DataEXCEL•5.0 MBComprehensive education statistics for 2023 including student enrollment, teacher distribution, school facilities, and examination results by region and level.Oct 20, 2023BESTPreviewDownload",Ministry of Education Tanzania,education,verified,,,
"Education Statistics: Comprehensive education statistics for 2023 including student enrollment, teacher distribution, school facilities, and examination results by region and level.",https://esmis.moe.go.tz,"Education data from Ministry of Education Tanzania: Comprehensive education statistics for 2023 including student enrollment, teacher distribution, school facilities, and examination results by region and level.",Ministry of Education Tanzania,education,verified,,,
"Education Statistics: BEST 2024 National DataEXCEL•1.7 MBLatest education sector statistics for 2024 with complete data on enrollment, teachers, schools, examination performance, and key educational indicators.Oct 20, 2024BESTPreviewDownload",https://esmis.moe.go.tz/dashboard,"Education data from Ministry of Education Tanzania: BEST 2024 National DataEXCEL•1.7 MBLatest education sector statistics for 2024 with complete data on enrollment, teachers, schools, examination performance, and key educational indicators.Oct 20, 2024BESTPreviewDownload",Ministry of Education Tanzania,education,verified,,,
"Education Statistics: Latest education sector statistics for 2024 with complete data on enrollment, teachers, schools, examination performance, and key educational indicators.",https://esmis.moe.go.tz,"Education data from Ministry of Education Tanzania: Latest education sector statistics for 2024 with complete data on enrollment, teachers, schools, examination performance, and key educational indicators.",Ministry of Education Tanzania,education,verified,,,
"Education Statistics: ESMISEducation Sector Management Information SystemMinistry of Education, Science and Technology🇹🇿 Official Government Platform©2026ESMIS - United Republic of Tanzania. All rights reserved.Privacy PolicyTerms of ServiceContact Support",https://esmis.moe.go.tz/dashboard,"Education data from Ministry of Education Tanzania: ESMISEducation Sector Management Information SystemMinistry of Education, Science and Technology🇹🇿 Official Government Platform©2026ESMIS - United Republic of Tanzania. All rights reserved.Privacy PolicyTerms of ServiceContact Support",Ministry of Education Tanzania,education,verified,,,
"Demographic Data: HURUmap Tanzaniagives infomediaries like journalists and Civic activists an easy 'plug & play' toolkit for finding and embedding interactive data visualizations into their storytellingThis project is built on software originally created by theKnight Labin the U.S.A. for theirCensusReporter.orgproject, which has been repurposed byOpenUpandMedia Monitoring AfricaforWazimapin South Africa and by Code for Africa for HURUmap inKenya,Tanzania,UgandaandZimbabwe.This site is anopenAFRICAproject ofCode for Africa. All content is released under aCreative Commons 4 Attribution license. Reuse it to help empower your own community. The code is available onGitHuband data is available on​openAFRICA​.",https://tanzania.hurumap.org/about,"Demographic data from HURUmap Tanzania: HURUmap Tanzaniagives infomediaries like journalists and Civic activists an easy 'plug & play' toolkit for finding and embedding interactive data visualizations into their storytellingThis project is built on software originally created by theKnight Labin the U.S.A. for theirCensusReporter.orgproject, which has been repurposed byOpenUpandMedia Monitoring AfricaforWazimapin South Africa and by Code for Africa for HURUmap inKenya,Tanzania,UgandaandZimbabwe.This site is anopenAFRICAproject ofCode for Africa. All content is released under aCreative Commons 4 Attribution license. Reuse it to help empower your own community. The code is available onGitHuband data is available on​openAFRICA​.",HURUmap Tanzania,demographics,verified,,,
Tanzania BIF: 0.8664,https://www.bot.go.tz,BoT financial data: Tanzania BIF: 0.8664,Bank of Tanzania (BoT),financial,verified,,,
Tanzania EUR: 3025.4193,https://www.bot.go.tz,BoT financial data: Tanzania EUR: 3025.4193,Bank of Tanzania (BoT),financial,verified,,,
Tanzania GBP: 3475.3919,https://www.bot.go.tz,BoT financial data: Tanzania GBP: 3475.3919,Bank of Tanzania (BoT),financial,verified,,,
Tanzania JPY: 16.183,https://www.bot.go.tz,BoT financial data: Tanzania JPY: 16.183,Bank of Tanzania (BoT),financial,verified,,,
Tanzania KES: 19.9541,https://www.bot.go.tz,BoT financial data: Tanzania KES: 19.9541,Bank of Tanzania (BoT),financial,verified,,,
Tanzania RWF: 1.7641,https://www.bot.go.tz,BoT financial data: Tanzania RWF: 1.7641,Bank of Tanzania (BoT),financial,verified,,,
Tanzania UGX: 0.6897,https://www.bot.go.tz,BoT financial data: Tanzania UGX: 0.6897,Bank of Tanzania (BoT),financial,verified,,,
Tanzania USD: 2586.0495,https://www.bot.go.tz,BoT financial data: Tanzania USD: 2586.0495,Bank of Tanzania (BoT),financial,verified,,,
Tanzania GOLD: 12242099.75,https://www.bot.go.tz,BoT financial data: Tanzania GOLD: 12242099.75,Bank of Tanzania (BoT),financial,verified,,,
Tanzania ZAR: 156.3002,https://www.bot.go.tz,BoT financial data: Tanzania ZAR: 156.3002,Bank of Tanzania (BoT),financial,verified,,,
Tanzania Trade Date: 4/1/2026,https://www.bot.go.tz,BoT financial data: Tanzania Trade Date: 4/1/2026,Bank of Tanzania (BoT),financial,verified,,,
"Tanzania Volume

                                            (Million TZS): 41,800.00",https://www.bot.go.tz,"BoT financial data: Tanzania Volume

                                            (Million TZS): 41,800.00",Bank of Tanzania (BoT),financial,verified,,,
Tanzania HIGH: 6.50,https://www.bot.go.tz,BoT financial data: Tanzania HIGH: 6.50,Bank of Tanzania (BoT),financial,verified,,,
Tanzania LOW: 6.00,https://www.bot.go.tz,BoT financial data: Tanzania LOW: 6.00,Bank of Tanzania (BoT),financial,verified,,,
Tanzania WAR: 6.02,https://www.bot.go.tz,BoT financial data: Tanzania WAR: 6.02,Bank of Tanzania (BoT),financial,verified,,,
Tanzania Trade Date: 13/Apr/2026,https://www.bot.go.tz,BoT financial data: Tanzania Trade Date: 13/Apr/2026,Bank of Tanzania (BoT),financial,verified,,,
"Tanzania Volume

                                            (Million TZS): 0",https://www.bot.go.tz,"BoT financial data: Tanzania Volume

                                            (Million TZS): 0",Bank of Tanzania (BoT),financial,verified,,,
Tanzania HIGH: 0,https://www.bot.go.tz,BoT financial data: Tanzania HIGH: 0,Bank of Tanzania (BoT),financial,verified,,,
Tanzania LOW: 0,https://www.bot.go.tz,BoT financial data: Tanzania LOW: 0,Bank of Tanzania (BoT),financial,verified,,,
Tanzania WAR: 0,https://www.bot.go.tz,BoT financial data: Tanzania WAR: 0,Bank of Tanzania (BoT),financial,verified,,,
Tanzania 14 (12/22/2025): 5.75,https://www.bot.go.tz,BoT financial data: Tanzania 14 (12/22/2025): 5.75,Bank of Tanzania (BoT),financial,verified,,,
Tanzania 2 (9/29/2025): 4.789,https://www.bot.go.tz,BoT financial data: Tanzania 2 (9/29/2025): 4.789,Bank of Tanzania (BoT),financial,verified,,,
Tanzania 7 (3/28/2024): 5,https://www.bot.go.tz,BoT financial data: Tanzania 7 (3/28/2024): 5,Bank of Tanzania (BoT),financial,verified,,,
Tanzania 6 (6/30/2023): 3,https://www.bot.go.tz,BoT financial data: Tanzania 6 (6/30/2023): 3,Bank of Tanzania (BoT),financial,verified,,,
Tanzania 30 (5/2/2023): 3,https://www.bot.go.tz,BoT financial data: Tanzania 30 (5/2/2023): 3,Bank of Tanzania (BoT),financial,verified,,,
Tanzania 8 (12/23/2013): 5.5,https://www.bot.go.tz,BoT financial data: Tanzania 8 (12/23/2013): 5.5,Bank of Tanzania (BoT),financial,verified,,,
Tanzania 4 (12/23/2013): 5,https://www.bot.go.tz,BoT financial data: Tanzania 4 (12/23/2013): 5,Bank of Tanzania (BoT),financial,verified,,,
Tanzania 10 (12/20/2013): 5,https://www.bot.go.tz,BoT financial data: Tanzania 10 (12/20/2013): 5,Bank of Tanzania (BoT),financial,verified,,,
Tanzania 7 (4/9/2026): 5.75,https://www.bot.go.tz,BoT financial data: Tanzania 7 (4/9/2026): 5.75,Bank of Tanzania (BoT),financial,verified,,,
Tanzania 1 (1/7/2026): 5.9495,https://www.bot.go.tz,BoT financial data: Tanzania 1 (1/7/2026): 5.9495,Bank of Tanzania (BoT),financial,verified,,,
Tanzania 6 (12/18/2025): 5.75,https://www.bot.go.tz,BoT financial data: Tanzania 6 (12/18/2025): 5.75,Bank of Tanzania (BoT),financial,verified,,,
Tanzania 2 (11/4/2025): 6.3862,https://www.bot.go.tz,BoT financial data: Tanzania 2 (11/4/2025): 6.3862,Bank of Tanzania (BoT),financial,verified,,,
Tanzania 3 (9/8/2025): 6.58,https://www.bot.go.tz,BoT financial data: Tanzania 3 (9/8/2025): 6.58,Bank of Tanzania (BoT),financial,verified,,,
Tanzania 14 (10/7/2024): 8,https://www.bot.go.tz,BoT financial data: Tanzania 14 (10/7/2024): 8,Bank of Tanzania (BoT),financial,verified,,,
Tanzania 30 (1/14/2022): 6.5,https://www.bot.go.tz,BoT financial data: Tanzania 30 (1/14/2022): 6.5,Bank of Tanzania (BoT),financial,verified,,,
The Bank of Tanzania is empowered by the National Payment Systems (NPS) Act 2015,https://www.bot.go.tz,BoT content data: The Bank of Tanzania is empowered by the National Payment Systems (NPS) Act 2015,Bank of Tanzania (BoT),financial,verified,,,
"The Bank is mandated under the Bank of Tanzania Act, 2006 to have the sole right to issue banknotes and coins in and for Tanzania, which shall be the only",https://www.bot.go.tz,"BoT content data: The Bank is mandated under the Bank of Tanzania Act, 2006 to have the sole right to issue banknotes and coins in and for Tanzania, which shall be the only",Bank of Tanzania (BoT),financial,verified,,,
"2025#Publications - Tanzania InvestmentMonday, April 13, 2026The Zanzibar Microfinance Service (Community Microfinance Groups) Regulations, 2025#Publications - RegulationsMonday, April 13, 2026The Zanzibar Microfinance Service (Savings and Credit Cooperative Societies) Regulations, 2025#Publications - RegulationsMonday, April 13, 2026The Zanzibar Microfinance Service (Non-Deposit Taking Microfinance Service Providers) Regulations, 2025#Publications - RegulationsMonday, April 13, 2026The Zanzibar Microfinance Service Act, No",https://www.bot.go.tz,"BoT content data: 2025#Publications - Tanzania InvestmentMonday, April 13, 2026The Zanzibar Microfinance Service (Community Microfinance Groups) Regulations, 2025#Publications - RegulationsMonday, April 13, 2026The Zanzibar Microfinance Service (Savings and Credit Cooperative Societies) Regulations, 2025#Publications - RegulationsMonday, April 13, 2026The Zanzibar Microfinance Service (Non-Deposit Taking Microfinance Service Providers) Regulations, 2025#Publications - RegulationsMonday, April 13, 2026The Zanzibar Microfinance Service Act, No",Bank of Tanzania (BoT),financial,verified,,,
"BANK OF TANZANIA×HomeAbout UsThe Bank's historyMandateMission and Vision, Core valuesBoard of DirectorsOrganization StructureCore FunctionsMonetary PolicyFinancial Sector SupervisionPayment & Settlement systemsCurrencyBanking ServicesFinancial MarketsPublicationsMonthly Economic ReviewQuarterly Economic BulletinMonetary Policy StatementFinancial StabilityTanzania InvestmentZanzibar InvestmentConference of Financial InstitutionsWorking Papers SeriesTanzania Tourism Sector Survey ReportGilman Rutihinda Memorial LecturesResearch NewsletterSpeechesMonthly Statements Of Financial PositionAnnual Financial StatementsBank and Acquirer CodesAnnual ReportsConsolidated Zonal Economic ReportActsRegulationsCircularsGuidelinesFinancial Sector Supervision Annual ReportProceduresRulesAgreementCode of ConductsAnniversaryFrameworksMonetary policy reportQuarterly Statistical BulletinForeign Exchange DerivativesStrategic PlansBOT NewsletterStatisticsMonthlyQuarterlyCalendar YearFiscal YearAdvertisementsCareer OpportunitiesTendersScholarshipsPublic NoticesKiswahiliCopyright © 2022 Bank of TanzaniaAll right reserved",https://www.bot.go.tz/EconomicData,"BoT content data: BANK OF TANZANIA×HomeAbout UsThe Bank's historyMandateMission and Vision, Core valuesBoard of DirectorsOrganization StructureCore FunctionsMonetary PolicyFinancial Sector SupervisionPayment & Settlement systemsCurrencyBanking ServicesFinancial MarketsPublicationsMonthly Economic ReviewQuarterly Economic BulletinMonetary Policy StatementFinancial StabilityTanzania InvestmentZanzibar InvestmentConference of Financial InstitutionsWorking Papers SeriesTanzania Tourism Sector Survey ReportGilman Rutihinda Memorial LecturesResearch NewsletterSpeechesMonthly Statements Of Financial PositionAnnual Financial StatementsBank and Acquirer CodesAnnual ReportsConsolidated Zonal Economic ReportActsRegulationsCircularsGuidelinesFinancial Sector Supervision Annual ReportProceduresRulesAgreementCode of ConductsAnniversaryFrameworksMonetary policy reportQuarterly Statistical BulletinForeign Exchange DerivativesStrategic PlansBOT NewsletterStatisticsMonthlyQuarterlyCalendar YearFiscal YearAdvertisementsCareer OpportunitiesTendersScholarshipsPublic NoticesKiswahiliCopyright © 2022 Bank of TanzaniaAll right reserved",Bank of Tanzania (BoT),financial,verified,,,
Bank of Tanzania publishes: BOT Act 2006,https://www.bot.go.tz/BOTAct2006.pdf,BoT publication: BOT Act 2006,Bank of Tanzania (BoT),financial,verified,,,
Bank of Tanzania publishes: Client Service Charter,https://www.bot.go.tz/Adverts/PressRelease/en/2023070516020901.pdf,BoT publication: Client Service Charter,Bank of Tanzania (BoT),financial,verified,,,
Bank of Tanzania publishes: Bank and Acquirer Codes,https://www.bot.go.tz/Publications/NPS/BankSortCodes.xlsx,BoT publication: Bank and Acquirer Codes,Bank of Tanzania (BoT),financial,verified,,,
"Tanzania Revenue AuthorityISO 9001: 2015 CERTIFIED""Together We Build Our Nation""",https://www.tra.go.tz/news/tra-shines-in-third-quarter-revenue-collections-surpass-targets-at-remarkable-pace,"TRA news data: Tanzania Revenue AuthorityISO 9001: 2015 CERTIFIED""Together We Build Our Nation""",Tanzania Revenue Authority (TRA),revenue,verified,,,
Import ProceduresExport ProceduresTemporary ImportationPre – Arrival DeclarationSingle Customs Territory (SCT)One Stop Border Post (OSBP)Customs LicensesReturning ResidentTrading across bordersExport Processing Zone (EPZ)Public Officials Import Duty and Excise Duty RemissionValue Added Tax (VAT) DefermentAuthorized Economic Operators (AEOs)Import duty for some Items During the Importation (List of Eight (8) Items)TariffLicensed Customs Agents,https://www.tra.go.tz/news/tra-shines-in-third-quarter-revenue-collections-surpass-targets-at-remarkable-pace,TRA news data: Import ProceduresExport ProceduresTemporary ImportationPre – Arrival DeclarationSingle Customs Territory (SCT)One Stop Border Post (OSBP)Customs LicensesReturning ResidentTrading across bordersExport Processing Zone (EPZ)Public Officials Import Duty and Excise Duty RemissionValue Added Tax (VAT) DefermentAuthorized Economic Operators (AEOs)Import duty for some Items During the Importation (List of Eight (8) Items)TariffLicensed Customs Agents,Tanzania Revenue Authority (TRA),revenue,verified,,,
"Tanzania’s Revenue Authority (TRA) has delivered another standout performance, exceeding its revenue collection targets in the third quarter of the 2025/26 financial year an…",https://www.tra.go.tz/news/all,"TRA news data: Tanzania’s Revenue Authority (TRA) has delivered another standout performance, exceeding its revenue collection targets in the third quarter of the 2025/26 financial year an…",Tanzania Revenue Authority (TRA),revenue,verified,,,
CAG COMMENDS ROBUST REVENUE ACHIEVEMENTS IN 2024/25,https://www.tra.go.tz/news/tra-shines-in-third-quarter-revenue-collections-surpass-targets-at-remarkable-pace,TRA news data: CAG COMMENDS ROBUST REVENUE ACHIEVEMENTS IN 2024/25,Tanzania Revenue Authority (TRA),revenue,verified,,,
"Whenever you buy, demand receipt""Together We Build Our Nation""Quick LinksOne Stop Border Post (OSBP)Corporation TaxSkills Development Levy (SDL)Pre – Arrival DeclarationReturning ResidentWithholding taxAuthorized Economic Operators (AEOs)Stamp DutyImport ProceduresPublic Officials Import Duty and Excise Duty RemissionRelated LinksMinistry of FinanceMinistry of Industry and TradeInstitute of Tax AdministrationTanzania Ports AuthorityTanzania Investment CenterBRELAContact UsCommissioner GeneralTanzania Revenue Authority,Postcode:28 Edward Sokoine Drive,11105 Mchafukoge,Ilala CBD, P",https://www.tra.go.tz/news/all,"TRA news data: Whenever you buy, demand receipt""Together We Build Our Nation""Quick LinksOne Stop Border Post (OSBP)Corporation TaxSkills Development Levy (SDL)Pre – Arrival DeclarationReturning ResidentWithholding taxAuthorized Economic Operators (AEOs)Stamp DutyImport ProceduresPublic Officials Import Duty and Excise Duty RemissionRelated LinksMinistry of FinanceMinistry of Industry and TradeInstitute of Tax AdministrationTanzania Ports AuthorityTanzania Investment CenterBRELAContact UsCommissioner GeneralTanzania Revenue Authority,Postcode:28 Edward Sokoine Drive,11105 Mchafukoge,Ilala CBD, P",Tanzania Revenue Authority (TRA),revenue,verified,TRA_News,2026-04-13,government
"Copyrights © 2026,Tanzania Revenue Authority- All Rights Reserved",https://www.tra.go.tz/news/tra-shines-in-third-quarter-revenue-collections-surpass-targets-at-remarkable-pace,"TRA news data: Copyrights © 2026,Tanzania Revenue Authority- All Rights Reserved",Tanzania Revenue Authority (TRA),revenue,verified,,,
"Whenever you buy, demand receipt""Together We Build Our Nation""Quick LinksPay As You EarnEFD/VFD SuppliersElectronic Tax Stamp (ETS)Single Customs Territory (SCT)Corporation TaxExport ProceduresMotor Vehicle RegistrationInterest, Penalties & OffencesCustoms LicensesE-Fiscal Devices (EFD)Related LinksMinistry of FinanceMinistry of Industry and TradeInstitute of Tax AdministrationTanzania Ports AuthorityTanzania Investment CenterBRELAContact UsCommissioner GeneralTanzania Revenue Authority,Postcode:28 Edward Sokoine Drive,11105 Mchafukoge,Ilala CBD, P",https://www.tra.go.tz/news/commissioner-general-reaffirms-tras-commitment-to-taxpayer-rights-and-engagement,"TRA news data: Whenever you buy, demand receipt""Together We Build Our Nation""Quick LinksPay As You EarnEFD/VFD SuppliersElectronic Tax Stamp (ETS)Single Customs Territory (SCT)Corporation TaxExport ProceduresMotor Vehicle RegistrationInterest, Penalties & OffencesCustoms LicensesE-Fiscal Devices (EFD)Related LinksMinistry of FinanceMinistry of Industry and TradeInstitute of Tax AdministrationTanzania Ports AuthorityTanzania Investment CenterBRELAContact UsCommissioner GeneralTanzania Revenue Authority,Postcode:28 Edward Sokoine Drive,11105 Mchafukoge,Ilala CBD, P",Tanzania Revenue Authority (TRA),revenue,verified,TRA_News,2026-04-13,government
"Whenever you buy, demand receipt""Together We Build Our Nation""Quick LinksImport ProceduresExport Processing Zone (EPZ)Income Tax for IndividualsWithholding taxCapital Gains taxSkills Development Levy (SDL)Value Added Tax (VAT)Electronic Tax Stamp (ETS)Motor Vehicle RegistrationCorporate PlanRelated LinksMinistry of FinanceMinistry of Industry and TradeInstitute of Tax AdministrationTanzania Ports AuthorityTanzania Investment CenterBRELAContact UsCommissioner GeneralTanzania Revenue Authority,Postcode:28 Edward Sokoine Drive,11105 Mchafukoge,Ilala CBD, P",https://www.tra.go.tz/news/commissioner-general-reaffirms-tras-commitment-to-taxpayer-rights-and-engagement,"TRA news data: Whenever you buy, demand receipt""Together We Build Our Nation""Quick LinksImport ProceduresExport Processing Zone (EPZ)Income Tax for IndividualsWithholding taxCapital Gains taxSkills Development Levy (SDL)Value Added Tax (VAT)Electronic Tax Stamp (ETS)Motor Vehicle RegistrationCorporate PlanRelated LinksMinistry of FinanceMinistry of Industry and TradeInstitute of Tax AdministrationTanzania Ports AuthorityTanzania Investment CenterBRELAContact UsCommissioner GeneralTanzania Revenue Authority,Postcode:28 Edward Sokoine Drive,11105 Mchafukoge,Ilala CBD, P",Tanzania Revenue Authority (TRA),revenue,verified,TRA_News,2026-04-13,government
"Whenever you buy, demand receipt""Together We Build Our Nation""Quick LinksStarting BusinessCapital Gains taxStamp DutyPre – Arrival DeclarationValue Added Tax (VAT) DefermentOne Stop Border Post (OSBP)About TRAElectronic Tax Stamp (ETS)Temporary ImportationImport duty for some Items During the Importation (List of Eight (8) Items)Related LinksMinistry of FinanceMinistry of Industry and TradeInstitute of Tax AdministrationTanzania Ports AuthorityTanzania Investment CenterBRELAContact UsCommissioner GeneralTanzania Revenue Authority,Postcode:28 Edward Sokoine Drive,11105 Mchafukoge,Ilala CBD, P",https://www.tra.go.tz/news/commissioner-general-reaffirms-tras-commitment-to-taxpayer-rights-and-engagement,"TRA news data: Whenever you buy, demand receipt""Together We Build Our Nation""Quick LinksStarting BusinessCapital Gains taxStamp DutyPre – Arrival DeclarationValue Added Tax (VAT) DefermentOne Stop Border Post (OSBP)About TRAElectronic Tax Stamp (ETS)Temporary ImportationImport duty for some Items During the Importation (List of Eight (8) Items)Related LinksMinistry of FinanceMinistry of Industry and TradeInstitute of Tax AdministrationTanzania Ports AuthorityTanzania Investment CenterBRELAContact UsCommissioner GeneralTanzania Revenue Authority,Postcode:28 Edward Sokoine Drive,11105 Mchafukoge,Ilala CBD, P",Tanzania Revenue Authority (TRA),revenue,verified,TRA_News,2026-04-13,government
"Tanzania’s Revenue Authority (TRA) has delivered another standout performance, exceeding its revenue collection targets in the third quarter of the 2025/26 financial year an outcome that underscores the growing strength of the country’s tax systems and ongoing institutional reforms",https://www.tra.go.tz/news/tra-shines-in-third-quarter-revenue-collections-surpass-targets-at-remarkable-pace,"TRA news data: Tanzania’s Revenue Authority (TRA) has delivered another standout performance, exceeding its revenue collection targets in the third quarter of the 2025/26 financial year an outcome that underscores the growing strength of the country’s tax systems and ongoing institutional reforms",Tanzania Revenue Authority (TRA),revenue,verified,,,
"4 per cent, a clear indication of disciplined revenue mobilisation and strengthened tax administration systems,” Mr Mwenda said",https://www.tra.go.tz/news/tra-shines-in-third-quarter-revenue-collections-surpass-targets-at-remarkable-pace,"TRA news data: 4 per cent, a clear indication of disciplined revenue mobilisation and strengthened tax administration systems,” Mr Mwenda said",Tanzania Revenue Authority (TRA),revenue,verified,,,
"These figures point to an exceptional pace of revenue collection, reflecting not only improved compliance among taxpayers but also intensified efforts by the Authority to seal loopholes associated with tax evasion",https://www.tra.go.tz/news/tra-shines-in-third-quarter-revenue-collections-surpass-targets-at-remarkable-pace,"TRA news data: These figures point to an exceptional pace of revenue collection, reflecting not only improved compliance among taxpayers but also intensified efforts by the Authority to seal loopholes associated with tax evasion",Tanzania Revenue Authority (TRA),revenue,verified,,,
Revenue growth has also remained robust,https://www.tra.go.tz/news/tra-shines-in-third-quarter-revenue-collections-surpass-targets-at-remarkable-pace,TRA news data: Revenue growth has also remained robust,Tanzania Revenue Authority (TRA),revenue,verified,,,
"In the third quarter of the current financial year, collections rose by 23",https://www.tra.go.tz/news/tra-shines-in-third-quarter-revenue-collections-surpass-targets-at-remarkable-pace,"TRA news data: In the third quarter of the current financial year, collections rose by 23",Tanzania Revenue Authority (TRA),revenue,verified,,,
This consistent performance across all three months highlights a sustained and stable revenue trajectory,https://www.tra.go.tz/news/tra-shines-in-third-quarter-revenue-collections-surpass-targets-at-remarkable-pace,TRA news data: This consistent performance across all three months highlights a sustained and stable revenue trajectory,Tanzania Revenue Authority (TRA),revenue,verified,,,
"Economic analysts attribute these gains largely to the increased use of technology in tax administration, improved collaboration between TRA and taxpayers, and stricter enforcement measures against tax evasion",https://www.tra.go.tz/news/tra-shines-in-third-quarter-revenue-collections-surpass-targets-at-remarkable-pace,"TRA news data: Economic analysts attribute these gains largely to the increased use of technology in tax administration, improved collaboration between TRA and taxpayers, and stricter enforcement measures against tax evasion",Tanzania Revenue Authority (TRA),revenue,verified,,,
Taxpayer education initiatives have also played a critical role in enhancing voluntary compliance and fostering a broader understanding of the importance of paying taxes,https://www.tra.go.tz/news/tra-shines-in-third-quarter-revenue-collections-surpass-targets-at-remarkable-pace,TRA news data: Taxpayer education initiatives have also played a critical role in enhancing voluntary compliance and fostering a broader understanding of the importance of paying taxes,Tanzania Revenue Authority (TRA),revenue,verified,,,
"This places the Authority firmly on track to meet, and potentially exceed, its full-year revenue targets",https://www.tra.go.tz/news/tra-shines-in-third-quarter-revenue-collections-surpass-targets-at-remarkable-pace,"TRA news data: This places the Authority firmly on track to meet, and potentially exceed, its full-year revenue targets",Tanzania Revenue Authority (TRA),revenue,verified,,,
"In another positive development, the efficiency of tax administration continues to improve, with the cost of collection remaining low at 2",https://www.tra.go.tz/news/tra-shines-in-third-quarter-revenue-collections-surpass-targets-at-remarkable-pace,"TRA news data: In another positive development, the efficiency of tax administration continues to improve, with the cost of collection remaining low at 2",Tanzania Revenue Authority (TRA),revenue,verified,,,
This indicates that TRA is able to generate higher revenues while utilising relatively fewer resources—an important marker of operational efficiency,https://www.tra.go.tz/news/tra-shines-in-third-quarter-revenue-collections-surpass-targets-at-remarkable-pace,TRA news data: This indicates that TRA is able to generate higher revenues while utilising relatively fewer resources—an important marker of operational efficiency,Tanzania Revenue Authority (TRA),revenue,verified,,,
"Meanwhile, the tax-to-GDP ratio has risen to 14",https://www.tra.go.tz/news/tra-shines-in-third-quarter-revenue-collections-surpass-targets-at-remarkable-pace,"TRA news data: Meanwhile, the tax-to-GDP ratio has risen to 14",Tanzania Revenue Authority (TRA),revenue,verified,,,
"7 per cent, signalling the increasing role of domestic revenue mobilisation as a cornerstone of Tanzania’s economic development",https://www.tra.go.tz/news/tra-shines-in-third-quarter-revenue-collections-surpass-targets-at-remarkable-pace,"TRA news data: 7 per cent, signalling the increasing role of domestic revenue mobilisation as a cornerstone of Tanzania’s economic development",Tanzania Revenue Authority (TRA),revenue,verified,,,
"Whenever you buy, demand receipt""Together We Build Our Nation""Quick LinksStarting BusinessPre – Arrival DeclarationTrading across bordersPublic Officials Import Duty and Excise Duty RemissionReturning ResidentStamp DutyGaming taxCorporation TaxValue Added Tax (VAT) DefermentOne Stop Border Post (OSBP)Related LinksMinistry of FinanceMinistry of Industry and TradeInstitute of Tax AdministrationTanzania Ports AuthorityTanzania Investment CenterBRELAContact UsCommissioner GeneralTanzania Revenue Authority,Postcode:28 Edward Sokoine Drive,11105 Mchafukoge,Ilala CBD, P",https://www.tra.go.tz/news/tra-shines-in-third-quarter-revenue-collections-surpass-targets-at-remarkable-pace,"TRA news data: Whenever you buy, demand receipt""Together We Build Our Nation""Quick LinksStarting BusinessPre – Arrival DeclarationTrading across bordersPublic Officials Import Duty and Excise Duty RemissionReturning ResidentStamp DutyGaming taxCorporation TaxValue Added Tax (VAT) DefermentOne Stop Border Post (OSBP)Related LinksMinistry of FinanceMinistry of Industry and TradeInstitute of Tax AdministrationTanzania Ports AuthorityTanzania Investment CenterBRELAContact UsCommissioner GeneralTanzania Revenue Authority,Postcode:28 Edward Sokoine Drive,11105 Mchafukoge,Ilala CBD, P",Tanzania Revenue Authority (TRA),revenue,verified,TRA_News,2026-04-13,government
"Visit the WHO Country Office websiteData and statisticsDisease outbreaksEmergency situationsCollaborating centresNews and features11 December 2025Feature storyLearning on TAP: improving access to assistive technology in TanzaniaMore news28 March 2025Donors making a difference to maternal health & newborn health: the urgent drive to save women’s lives across the worldMore feature storiesCountry profilesHealth profilesCountry profiles present selected data, statistics and information to provide national health profiles at given points in time",https://www.who.int/countries/tza,"WHO health data: Visit the WHO Country Office websiteData and statisticsDisease outbreaksEmergency situationsCollaborating centresNews and features11 December 2025Feature storyLearning on TAP: improving access to assistive technology in TanzaniaMore news28 March 2025Donors making a difference to maternal health & newborn health: the urgent drive to save women’s lives across the worldMore feature storiesCountry profilesHealth profilesCountry profiles present selected data, statistics and information to provide national health profiles at given points in time",World Health Organization (WHO),health,verified,,,
"GOPublications6 October 2025Improving access to assistive technology in United Republic of Tanzania (2022-2023): project reportThe report summarizes a collaboration between the Ministry of Health of the United Republic of Tanzania, HelpAge Tanzania and the World Health Organization",https://www.who.int/countries/tza,"WHO health data: GOPublications6 October 2025Improving access to assistive technology in United Republic of Tanzania (2022-2023): project reportThe report summarizes a collaboration between the Ministry of Health of the United Republic of Tanzania, HelpAge Tanzania and the World Health Organization",World Health Organization (WHO),health,verified,,,
DownloadRead More8 November 2024Joint external evaluation of the International Health Regulations (‎2005)‎ core capacities of the United,https://www.who.int/countries/tza,WHO health data: DownloadRead More8 November 2024Joint external evaluation of the International Health Regulations (‎2005)‎ core capacities of the United,World Health Organization (WHO),health,verified,,,
The United Republic of Tanzania–Zanzibar completed its first Joint External Evaluation (JEE) from 22 to 28 April 2017,https://www.who.int/countries/tza,WHO health data: The United Republic of Tanzania–Zanzibar completed its first Joint External Evaluation (JEE) from 22 to 28 April 2017,World Health Organization (WHO),health,verified,,,
DownloadRead More29 October 2024Joint external evaluation of the International Health Regulations (2005) core capacities of the United,https://www.who.int/countries/tza,WHO health data: DownloadRead More29 October 2024Joint external evaluation of the International Health Regulations (2005) core capacities of the United,World Health Organization (WHO),health,verified,,,
"DownloadRead More25 September 2024Tackling malaria in countries hardest hit by the disease: ministerial conference report, Yaoundé, Cameroon,",https://www.who.int/countries/tza,"WHO health data: DownloadRead More25 September 2024Tackling malaria in countries hardest hit by the disease: ministerial conference report, Yaoundé, Cameroon,",World Health Organization (WHO),health,verified,,,
"The Malaria Ministerial Conference, co-hosted by WHO and the Government of Cameroon on 6 March 2024, brought together more than 400 stakeholders, including",https://www.who.int/countries/tza,"WHO health data: The Malaria Ministerial Conference, co-hosted by WHO and the Government of Cameroon on 6 March 2024, brought together more than 400 stakeholders, including",World Health Organization (WHO),health,verified,,,
DownloadRead MoreMore publicationsCooperation strategy1 May 2018WHO country cooperation strategy at a glance: Tanzania (‎‎United Republic of)‎‎At a glanceDownloadRead MoreWHO presenceRead more about WHO in the United Republic of Tanzania,https://www.who.int/countries/tza,WHO health data: DownloadRead MoreMore publicationsCooperation strategy1 May 2018WHO country cooperation strategy at a glance: Tanzania (‎‎United Republic of)‎‎At a glanceDownloadRead MoreWHO presenceRead more about WHO in the United Republic of Tanzania,World Health Organization (WHO),health,verified,,,
"Whenever you buy, demand receipt""Together We Build Our Nation""Quick LinksSkills Development Levy (SDL)Public Officials Import Duty and Excise Duty RemissionAuthorized Economic Operators (AEOs)Digital Service TaxExport Processing Zone (EPZ)Customs LicensesApproved Tax ConsultantsExcise DutyCapital Gains taxImport duty for some Items During the Importation (List of Eight (8) Items)Related LinksMinistry of FinanceMinistry of Industry and TradeInstitute of Tax AdministrationTanzania Ports AuthorityTanzania Investment CenterBRELAContact UsCommissioner GeneralTanzania Revenue Authority,Postcode:28 Edward Sokoine Drive,11105 Mchafukoge,Ilala CBD, P",https://www.tra.go.tz/news/all,"TRA news data: Whenever you buy, demand receipt""Together We Build Our Nation""Quick LinksSkills Development Levy (SDL)Public Officials Import Duty and Excise Duty RemissionAuthorized Economic Operators (AEOs)Digital Service TaxExport Processing Zone (EPZ)Customs LicensesApproved Tax ConsultantsExcise DutyCapital Gains taxImport duty for some Items During the Importation (List of Eight (8) Items)Related LinksMinistry of FinanceMinistry of Industry and TradeInstitute of Tax AdministrationTanzania Ports AuthorityTanzania Investment CenterBRELAContact UsCommissioner GeneralTanzania Revenue Authority,Postcode:28 Edward Sokoine Drive,11105 Mchafukoge,Ilala CBD, P",Tanzania Revenue Authority (TRA),revenue,verified,,,
"Whenever you buy, demand receipt""Together We Build Our Nation""Quick LinksMotor Vehicle RegistrationE-Fiscal Devices (EFD)Approved Tax ConsultantsClient Service CharterDigital Service TaxGaming taxStarting BusinessCustoms LicensesPublic Officials Import Duty and Excise Duty RemissionPaying Taxes",https://www.tra.go.tz/news/commissioner-general-reaffirms-tras-commitment-to-taxpayer-rights-and-engagement,"TRA news data: Whenever you buy, demand receipt""Together We Build Our Nation""Quick LinksMotor Vehicle RegistrationE-Fiscal Devices (EFD)Approved Tax ConsultantsClient Service CharterDigital Service TaxGaming taxStarting BusinessCustoms LicensesPublic Officials Import Duty and Excise Duty RemissionPaying Taxes",Tanzania Revenue Authority (TRA),revenue,verified,,,
"Related LinksMinistry of FinanceMinistry of Industry and TradeInstitute of Tax AdministrationTanzania Ports AuthorityTanzania Investment CenterBRELAContact UsCommissioner GeneralTanzania Revenue Authority,Postcode:28 Edward Sokoine Drive,11105 Mchafukoge,Ilala CBD, P",https://www.tra.go.tz/news/commissioner-general-reaffirms-tras-commitment-to-taxpayer-rights-and-engagement,"TRA news data: Related LinksMinistry of FinanceMinistry of Industry and TradeInstitute of Tax AdministrationTanzania Ports AuthorityTanzania Investment CenterBRELAContact UsCommissioner GeneralTanzania Revenue Authority,Postcode:28 Edward Sokoine Drive,11105 Mchafukoge,Ilala CBD, P",Tanzania Revenue Authority (TRA),revenue,verified,,,
"Whenever you buy, demand receipt""Together We Build Our Nation""Quick LinksMotor Vehicle RegistrationValue Added Tax (VAT) DefermentReturning ResidentSkills Development Levy (SDL)Pre – Arrival DeclarationGaming taxCharitable OrganizationImport duty for some Items During the Importation (List of Eight (8) Items)Pay As You EarnImport ProceduresRelated LinksMinistry of FinanceMinistry of Industry and TradeInstitute of Tax AdministrationTanzania Ports AuthorityTanzania Investment CenterBRELAContact UsCommissioner GeneralTanzania Revenue Authority,Postcode:28 Edward Sokoine Drive,11105 Mchafukoge,Ilala CBD, P",https://www.tra.go.tz/news/commissioner-general-reaffirms-tras-commitment-to-taxpayer-rights-and-engagement,"TRA news data: Whenever you buy, demand receipt""Together We Build Our Nation""Quick LinksMotor Vehicle RegistrationValue Added Tax (VAT) DefermentReturning ResidentSkills Development Levy (SDL)Pre – Arrival DeclarationGaming taxCharitable OrganizationImport duty for some Items During the Importation (List of Eight (8) Items)Pay As You EarnImport ProceduresRelated LinksMinistry of FinanceMinistry of Industry and TradeInstitute of Tax AdministrationTanzania Ports AuthorityTanzania Investment CenterBRELAContact UsCommissioner GeneralTanzania Revenue Authority,Postcode:28 Edward Sokoine Drive,11105 Mchafukoge,Ilala CBD, P",Tanzania Revenue Authority (TRA),revenue,verified,,,
"Whenever you buy, demand receipt""Together We Build Our Nation""Quick LinksSingle Customs Territory (SCT)Gaming taxInterest, Penalties & OffencesAuthorized Economic Operators (AEOs)Motor Vehicle RegistrationCorporation TaxPay As You EarnPre – Arrival DeclarationStarting BusinessExcise DutyRelated LinksMinistry of FinanceMinistry of Industry and TradeInstitute of Tax AdministrationTanzania Ports AuthorityTanzania Investment CenterBRELAContact UsCommissioner GeneralTanzania Revenue Authority,Postcode:28 Edward Sokoine Drive,11105 Mchafukoge,Ilala CBD, P",https://www.tra.go.tz/news/commissioner-general-reaffirms-tras-commitment-to-taxpayer-rights-and-engagement,"TRA news data: Whenever you buy, demand receipt""Together We Build Our Nation""Quick LinksSingle Customs Territory (SCT)Gaming taxInterest, Penalties & OffencesAuthorized Economic Operators (AEOs)Motor Vehicle RegistrationCorporation TaxPay As You EarnPre – Arrival DeclarationStarting BusinessExcise DutyRelated LinksMinistry of FinanceMinistry of Industry and TradeInstitute of Tax AdministrationTanzania Ports AuthorityTanzania Investment CenterBRELAContact UsCommissioner GeneralTanzania Revenue Authority,Postcode:28 Edward Sokoine Drive,11105 Mchafukoge,Ilala CBD, P",Tanzania Revenue Authority (TRA),revenue,verified,,,
"Whenever you buy, demand receipt""Together We Build Our Nation""Quick LinksOne Stop Border Post (OSBP)Client Service CharterAuthorized Economic Operators (AEOs)About TRAExport ProceduresIncome Tax for IndividualsSkills Development Levy (SDL)Temporary ImportationGaming taxDigital Service TaxRelated LinksMinistry of FinanceMinistry of Industry and TradeInstitute of Tax AdministrationTanzania Ports AuthorityTanzania Investment CenterBRELAContact UsCommissioner GeneralTanzania Revenue Authority,Postcode:28 Edward Sokoine Drive,11105 Mchafukoge,Ilala CBD, P",https://www.tra.go.tz/news/tra-shines-in-third-quarter-revenue-collections-surpass-targets-at-remarkable-pace,"TRA news data: Whenever you buy, demand receipt""Together We Build Our Nation""Quick LinksOne Stop Border Post (OSBP)Client Service CharterAuthorized Economic Operators (AEOs)About TRAExport ProceduresIncome Tax for IndividualsSkills Development Levy (SDL)Temporary ImportationGaming taxDigital Service TaxRelated LinksMinistry of FinanceMinistry of Industry and TradeInstitute of Tax AdministrationTanzania Ports AuthorityTanzania Investment CenterBRELAContact UsCommissioner GeneralTanzania Revenue Authority,Postcode:28 Edward Sokoine Drive,11105 Mchafukoge,Ilala CBD, P",Tanzania Revenue Authority (TRA),revenue,verified,,,
"Whenever you buy, demand receipt""Together We Build Our Nation""Quick LinksTrading across bordersPublic Officials Import Duty and Excise Duty RemissionExport ProceduresE-Fiscal Devices (EFD)Export Processing Zone (EPZ)Digital Service TaxEFD/VFD SuppliersCorporate PlanExcise DutyClient Service CharterRelated LinksMinistry of FinanceMinistry of Industry and TradeInstitute of Tax AdministrationTanzania Ports AuthorityTanzania Investment CenterBRELAContact UsCommissioner GeneralTanzania Revenue Authority,Postcode:28 Edward Sokoine Drive,11105 Mchafukoge,Ilala CBD, P",https://www.tra.go.tz/news/all,"TRA news data: Whenever you buy, demand receipt""Together We Build Our Nation""Quick LinksTrading across bordersPublic Officials Import Duty and Excise Duty RemissionExport ProceduresE-Fiscal Devices (EFD)Export Processing Zone (EPZ)Digital Service TaxEFD/VFD SuppliersCorporate PlanExcise DutyClient Service CharterRelated LinksMinistry of FinanceMinistry of Industry and TradeInstitute of Tax AdministrationTanzania Ports AuthorityTanzania Investment CenterBRELAContact UsCommissioner GeneralTanzania Revenue Authority,Postcode:28 Edward Sokoine Drive,11105 Mchafukoge,Ilala CBD, P",Tanzania Revenue Authority (TRA),revenue,verified,,,
"Whenever you buy, demand receipt""Together We Build Our Nation""Quick LinksValue Added Tax (VAT)Public Officials Import Duty and Excise Duty RemissionCharitable OrganizationValue Added Tax (VAT) DefermentDigital Service TaxPaying Taxes",https://www.tra.go.tz/news/commissioner-general-reaffirms-tras-commitment-to-taxpayer-rights-and-engagement,"TRA news data: Whenever you buy, demand receipt""Together We Build Our Nation""Quick LinksValue Added Tax (VAT)Public Officials Import Duty and Excise Duty RemissionCharitable OrganizationValue Added Tax (VAT) DefermentDigital Service TaxPaying Taxes",Tanzania Revenue Authority (TRA),revenue,verified,,,
"Income Tax for IndividualsGaming taxExcise DutySingle Customs Territory (SCT)Related LinksMinistry of FinanceMinistry of Industry and TradeInstitute of Tax AdministrationTanzania Ports AuthorityTanzania Investment CenterBRELAContact UsCommissioner GeneralTanzania Revenue Authority,Postcode:28 Edward Sokoine Drive,11105 Mchafukoge,Ilala CBD, P",https://www.tra.go.tz/news/commissioner-general-reaffirms-tras-commitment-to-taxpayer-rights-and-engagement,"TRA news data: Income Tax for IndividualsGaming taxExcise DutySingle Customs Territory (SCT)Related LinksMinistry of FinanceMinistry of Industry and TradeInstitute of Tax AdministrationTanzania Ports AuthorityTanzania Investment CenterBRELAContact UsCommissioner GeneralTanzania Revenue Authority,Postcode:28 Edward Sokoine Drive,11105 Mchafukoge,Ilala CBD, P",Tanzania Revenue Authority (TRA),revenue,verified,,,
"Whenever you buy, demand receipt""Together We Build Our Nation""Quick LinksTrading across bordersPublic Officials Import Duty and Excise Duty RemissionExport ProceduresIncome Tax for IndividualsInterest, Penalties & OffencesClient Service CharterObjections & AppealsMotor Vehicle RegistrationCapital Gains taxAuthorized Economic Operators (AEOs)Related LinksMinistry of FinanceMinistry of Industry and TradeInstitute of Tax AdministrationTanzania Ports AuthorityTanzania Investment CenterBRELAContact UsCommissioner GeneralTanzania Revenue Authority,Postcode:28 Edward Sokoine Drive,11105 Mchafukoge,Ilala CBD, P",https://www.tra.go.tz/news/commissioner-general-reaffirms-tras-commitment-to-taxpayer-rights-and-engagement,"TRA news data: Whenever you buy, demand receipt""Together We Build Our Nation""Quick LinksTrading across bordersPublic Officials Import Duty and Excise Duty RemissionExport ProceduresIncome Tax for IndividualsInterest, Penalties & OffencesClient Service CharterObjections & AppealsMotor Vehicle RegistrationCapital Gains taxAuthorized Economic Operators (AEOs)Related LinksMinistry of FinanceMinistry of Industry and TradeInstitute of Tax AdministrationTanzania Ports AuthorityTanzania Investment CenterBRELAContact UsCommissioner GeneralTanzania Revenue Authority,Postcode:28 Edward Sokoine Drive,11105 Mchafukoge,Ilala CBD, P",Tanzania Revenue Authority (TRA),revenue,verified,,,
"Whenever you buy, demand receipt""Together We Build Our Nation""Quick LinksStarting BusinessDigital Service TaxCorporate PlanCorporation TaxExcise DutyMotor Vehicle RegistrationSkills Development Levy (SDL)Withholding taxTrading across bordersInterest, Penalties & OffencesRelated LinksMinistry of FinanceMinistry of Industry and TradeInstitute of Tax AdministrationTanzania Ports AuthorityTanzania Investment CenterBRELAContact UsCommissioner GeneralTanzania Revenue Authority,Postcode:28 Edward Sokoine Drive,11105 Mchafukoge,Ilala CBD, P",https://www.tra.go.tz/news/commissioner-general-reaffirms-tras-commitment-to-taxpayer-rights-and-engagement,"TRA news data: Whenever you buy, demand receipt""Together We Build Our Nation""Quick LinksStarting BusinessDigital Service TaxCorporate PlanCorporation TaxExcise DutyMotor Vehicle RegistrationSkills Development Levy (SDL)Withholding taxTrading across bordersInterest, Penalties & OffencesRelated LinksMinistry of FinanceMinistry of Industry and TradeInstitute of Tax AdministrationTanzania Ports AuthorityTanzania Investment CenterBRELAContact UsCommissioner GeneralTanzania Revenue Authority,Postcode:28 Edward Sokoine Drive,11105 Mchafukoge,Ilala CBD, P",Tanzania Revenue Authority (TRA),revenue,verified,,,
"Whenever you buy, demand receipt""Together We Build Our Nation""Quick LinksStarting BusinessPublic Officials Import Duty and Excise Duty RemissionCorporation TaxReturning ResidentCharitable OrganizationPre – Arrival DeclarationCustoms LicensesCorporate PlanImport ProceduresImport duty for some Items During the Importation (List of Eight (8) Items)Related LinksMinistry of FinanceMinistry of Industry and TradeInstitute of Tax AdministrationTanzania Ports AuthorityTanzania Investment CenterBRELAContact UsCommissioner GeneralTanzania Revenue Authority,Postcode:28 Edward Sokoine Drive,11105 Mchafukoge,Ilala CBD, P",https://www.tra.go.tz/news/tra-shines-in-third-quarter-revenue-collections-surpass-targets-at-remarkable-pace,"TRA news data: Whenever you buy, demand receipt""Together We Build Our Nation""Quick LinksStarting BusinessPublic Officials Import Duty and Excise Duty RemissionCorporation TaxReturning ResidentCharitable OrganizationPre – Arrival DeclarationCustoms LicensesCorporate PlanImport ProceduresImport duty for some Items During the Importation (List of Eight (8) Items)Related LinksMinistry of FinanceMinistry of Industry and TradeInstitute of Tax AdministrationTanzania Ports AuthorityTanzania Investment CenterBRELAContact UsCommissioner GeneralTanzania Revenue Authority,Postcode:28 Edward Sokoine Drive,11105 Mchafukoge,Ilala CBD, P",Tanzania Revenue Authority (TRA),revenue,verified,,,
"Whenever you buy, demand receipt""Together We Build Our Nation""Quick LinksGaming taxE-Fiscal Devices (EFD)About TRAImport duty for some Items During the Importation (List of Eight (8) Items)Starting BusinessValue Added Tax (VAT)Stamp DutyApproved Tax ConsultantsEFD/VFD SuppliersPublic Officials Import Duty and Excise Duty RemissionRelated LinksMinistry of FinanceMinistry of Industry and TradeInstitute of Tax AdministrationTanzania Ports AuthorityTanzania Investment CenterBRELAContact UsCommissioner GeneralTanzania Revenue Authority,Postcode:28 Edward Sokoine Drive,11105 Mchafukoge,Ilala CBD, P",https://www.tra.go.tz/news/all,"TRA news data: Whenever you buy, demand receipt""Together We Build Our Nation""Quick LinksGaming taxE-Fiscal Devices (EFD)About TRAImport duty for some Items During the Importation (List of Eight (8) Items)Starting BusinessValue Added Tax (VAT)Stamp DutyApproved Tax ConsultantsEFD/VFD SuppliersPublic Officials Import Duty and Excise Duty RemissionRelated LinksMinistry of FinanceMinistry of Industry and TradeInstitute of Tax AdministrationTanzania Ports AuthorityTanzania Investment CenterBRELAContact UsCommissioner GeneralTanzania Revenue Authority,Postcode:28 Edward Sokoine Drive,11105 Mchafukoge,Ilala CBD, P",Tanzania Revenue Authority (TRA),revenue,verified,,,
"Whenever you buy, demand receipt""Together We Build Our Nation""Quick LinksStamp DutyPaying Taxes",https://www.tra.go.tz/news/commissioner-general-reaffirms-tras-commitment-to-taxpayer-rights-and-engagement,"TRA news data: Whenever you buy, demand receipt""Together We Build Our Nation""Quick LinksStamp DutyPaying Taxes",Tanzania Revenue Authority (TRA),revenue,verified,,,
"About TRAElectronic Tax Stamp (ETS)EFD/VFD SuppliersIncome Tax for IndividualsObjections & AppealsWithholding taxExport Processing Zone (EPZ)Export ProceduresRelated LinksMinistry of FinanceMinistry of Industry and TradeInstitute of Tax AdministrationTanzania Ports AuthorityTanzania Investment CenterBRELAContact UsCommissioner GeneralTanzania Revenue Authority,Postcode:28 Edward Sokoine Drive,11105 Mchafukoge,Ilala CBD, P",https://www.tra.go.tz/news/commissioner-general-reaffirms-tras-commitment-to-taxpayer-rights-and-engagement,"TRA news data: About TRAElectronic Tax Stamp (ETS)EFD/VFD SuppliersIncome Tax for IndividualsObjections & AppealsWithholding taxExport Processing Zone (EPZ)Export ProceduresRelated LinksMinistry of FinanceMinistry of Industry and TradeInstitute of Tax AdministrationTanzania Ports AuthorityTanzania Investment CenterBRELAContact UsCommissioner GeneralTanzania Revenue Authority,Postcode:28 Edward Sokoine Drive,11105 Mchafukoge,Ilala CBD, P",Tanzania Revenue Authority (TRA),revenue,verified,,,
"Whenever you buy, demand receipt""Together We Build Our Nation""Quick LinksImport duty for some Items During the Importation (List of Eight (8) Items)Export ProceduresCustoms LicensesPre – Arrival DeclarationOne Stop Border Post (OSBP)Motor Vehicle RegistrationCorporation TaxTrading across bordersCapital Gains taxSingle Customs Territory (SCT)Related LinksMinistry of FinanceMinistry of Industry and TradeInstitute of Tax AdministrationTanzania Ports AuthorityTanzania Investment CenterBRELAContact UsCommissioner GeneralTanzania Revenue Authority,Postcode:28 Edward Sokoine Drive,11105 Mchafukoge,Ilala CBD, P",https://www.tra.go.tz/news/commissioner-general-reaffirms-tras-commitment-to-taxpayer-rights-and-engagement,"TRA news data: Whenever you buy, demand receipt""Together We Build Our Nation""Quick LinksImport duty for some Items During the Importation (List of Eight (8) Items)Export ProceduresCustoms LicensesPre – Arrival DeclarationOne Stop Border Post (OSBP)Motor Vehicle RegistrationCorporation TaxTrading across bordersCapital Gains taxSingle Customs Territory (SCT)Related LinksMinistry of FinanceMinistry of Industry and TradeInstitute of Tax AdministrationTanzania Ports AuthorityTanzania Investment CenterBRELAContact UsCommissioner GeneralTanzania Revenue Authority,Postcode:28 Edward Sokoine Drive,11105 Mchafukoge,Ilala CBD, P",Tanzania Revenue Authority (TRA),revenue,verified,,,
"Whenever you buy, demand receipt""Together We Build Our Nation""Quick LinksElectronic Tax Stamp (ETS)Customs LicensesTemporary ImportationEFD/VFD SuppliersValue Added Tax (VAT) DefermentStarting BusinessMotor Vehicle RegistrationClient Service CharterE-Fiscal Devices (EFD)Interest, Penalties & OffencesRelated LinksMinistry of FinanceMinistry of Industry and TradeInstitute of Tax AdministrationTanzania Ports AuthorityTanzania Investment CenterBRELAContact UsCommissioner GeneralTanzania Revenue Authority,Postcode:28 Edward Sokoine Drive,11105 Mchafukoge,Ilala CBD, P",https://www.tra.go.tz/news/commissioner-general-reaffirms-tras-commitment-to-taxpayer-rights-and-engagement,"TRA news data: Whenever you buy, demand receipt""Together We Build Our Nation""Quick LinksElectronic Tax Stamp (ETS)Customs LicensesTemporary ImportationEFD/VFD SuppliersValue Added Tax (VAT) DefermentStarting BusinessMotor Vehicle RegistrationClient Service CharterE-Fiscal Devices (EFD)Interest, Penalties & OffencesRelated LinksMinistry of FinanceMinistry of Industry and TradeInstitute of Tax AdministrationTanzania Ports AuthorityTanzania Investment CenterBRELAContact UsCommissioner GeneralTanzania Revenue Authority,Postcode:28 Edward Sokoine Drive,11105 Mchafukoge,Ilala CBD, P",Tanzania Revenue Authority (TRA),revenue,verified,,,
"Whenever you buy, demand receipt""Together We Build Our Nation""Quick LinksWithholding taxPaying Taxes",https://www.tra.go.tz/news/tra-shines-in-third-quarter-revenue-collections-surpass-targets-at-remarkable-pace,"TRA news data: Whenever you buy, demand receipt""Together We Build Our Nation""Quick LinksWithholding taxPaying Taxes",Tanzania Revenue Authority (TRA),revenue,verified,,,
"Temporary ImportationImport duty for some Items During the Importation (List of Eight (8) Items)Electronic Tax Stamp (ETS)Motor Vehicle RegistrationDigital Service TaxClient Service CharterEFD/VFD SuppliersOne Stop Border Post (OSBP)Related LinksMinistry of FinanceMinistry of Industry and TradeInstitute of Tax AdministrationTanzania Ports AuthorityTanzania Investment CenterBRELAContact UsCommissioner GeneralTanzania Revenue Authority,Postcode:28 Edward Sokoine Drive,11105 Mchafukoge,Ilala CBD, P",https://www.tra.go.tz/news/tra-shines-in-third-quarter-revenue-collections-surpass-targets-at-remarkable-pace,"TRA news data: Temporary ImportationImport duty for some Items During the Importation (List of Eight (8) Items)Electronic Tax Stamp (ETS)Motor Vehicle RegistrationDigital Service TaxClient Service CharterEFD/VFD SuppliersOne Stop Border Post (OSBP)Related LinksMinistry of FinanceMinistry of Industry and TradeInstitute of Tax AdministrationTanzania Ports AuthorityTanzania Investment CenterBRELAContact UsCommissioner GeneralTanzania Revenue Authority,Postcode:28 Edward Sokoine Drive,11105 Mchafukoge,Ilala CBD, P",Tanzania Revenue Authority (TRA),revenue,verified,,,
Tanzania population is approximately 61 million people according to 2022 census,https://www.nbs.go.tz,Verified statistical information from NBS: Tanzania population is approximately 61 million people according to 2022 census,National Bureau of Statistics (NBS),official_statistics,verified,,,
Tanzania has a population growth rate of about 2.7% per year,https://www.nbs.go.tz,Verified statistical information from NBS: Tanzania has a population growth rate of about 2.7% per year,National Bureau of Statistics (NBS),official_statistics,verified,,,
Life expectancy in Tanzania is approximately 67 years,https://hmisportal.moh.go.tz,Verified health information: Life expectancy in Tanzania is approximately 67 years,Ministry of Health Tanzania,health,verified,,,
Tanzania has 26 regions and 184 districts,https://www.nbs.go.tz,Verified statistical information from NBS: Tanzania has 26 regions and 184 districts,National Bureau of Statistics (NBS),official_statistics,verified,,,
Dar es Salaam is the largest city with over 7 million inhabitants,https://www.nbs.go.tz,Verified statistical information from NBS: Dar es Salaam is the largest city with over 7 million inhabitants,National Bureau of Statistics (NBS),official_statistics,verified,,,
Tanzania GDP was approximately USD 70 billion in 2023,https://www.nbs.go.tz,Verified statistical information from NBS: Tanzania GDP was approximately USD 70 billion in 2023,National Bureau of Statistics (NBS),official_statistics,verified,,,
Tanzania GDP growth rate for 2023 was around 5.0%,https://www.nbs.go.tz,Verified statistical information from NBS: Tanzania GDP growth rate for 2023 was around 5.0%,National Bureau of Statistics (NBS),official_statistics,verified,,,
"Tanzania GDP per capita is approximately USD 1,100",https://www.nbs.go.tz,"Verified statistical information from NBS: Tanzania GDP per capita is approximately USD 1,100",National Bureau of Statistics (NBS),official_statistics,verified,,,
Tanzania inflation rate is approximately 3-4% annually,https://www.nbs.go.tz,Verified statistical information from NBS: Tanzania inflation rate is approximately 3-4% annually,National Bureau of Statistics (NBS),official_statistics,verified,,,
"Tanzania's main exports include gold, coffee, and cashews",https://www.nbs.go.tz,"Verified statistical information from NBS: Tanzania's main exports include gold, coffee, and cashews",National Bureau of Statistics (NBS),official_statistics,verified,,,
Tanzania unemployment rate is approximately 2.6%,https://www.nbs.go.tz,Verified statistical information from NBS: Tanzania unemployment rate is approximately 2.6%,National Bureau of Statistics (NBS),official_statistics,verified,,,
Agriculture employs about 60% of Tanzania's workforce,https://www.nbs.go.tz,Verified statistical information from NBS: Agriculture employs about 60% of Tanzania's workforce,National Bureau of Statistics (NBS),official_statistics,verified,,,
Tanzania has a labor force of approximately 30 million people,https://tanzania.hurumap.org,Verified demographic information: Tanzania has a labor force of approximately 30 million people,HURUmap Tanzania,demographics,verified,,,
Tanzania adult literacy rate is approximately 78%,https://www.nbs.go.tz,Verified statistical information from NBS: Tanzania adult literacy rate is approximately 78%,National Bureau of Statistics (NBS),official_statistics,verified,,,
Tanzania has over 18 million primary school students,https://esmis.moe.go.tz,Verified education information: Tanzania has over 18 million primary school students,Ministry of Education Tanzania,education,verified,,,
"Tanzania has more than 40,000 primary schools",https://esmis.moe.go.tz,"Verified education information: Tanzania has more than 40,000 primary schools",Ministry of Education Tanzania,education,verified,,,
"Tanzania has over 7,000 health facilities nationwide",https://hmisportal.moh.go.tz,"Verified health information: Tanzania has over 7,000 health facilities nationwide",Ministry of Health Tanzania,health,verified,,,
"Tanzania's under-five mortality rate is 49 per 1,000 live births",https://hmisportal.moh.go.tz,"Verified health information: Tanzania's under-five mortality rate is 49 per 1,000 live births",Ministry of Health Tanzania,health,verified,,,
"Tanzania's maternal mortality rate is 524 per 100,000 live births",https://hmisportal.moh.go.tz,"Verified health information: Tanzania's maternal mortality rate is 524 per 100,000 live births",Ministry of Health Tanzania,health,verified,,,
"Tanzania has approximately 87,000 km of roads",https://www.nbs.go.tz,"Verified statistical information from NBS: Tanzania has approximately 87,000 km of roads",National Bureau of Statistics (NBS),official_statistics,verified,,,
Tanzania has 16 international airports,https://www.nbs.go.tz,Verified statistical information from NBS: Tanzania has 16 international airports,National Bureau of Statistics (NBS),official_statistics,verified,,,
Tanzania's main port is Dar es Salaam Port,https://www.nbs.go.tz,Verified statistical information from NBS: Tanzania's main port is Dar es Salaam Port,National Bureau of Statistics (NBS),official_statistics,verified,,,
Tanzania has an electrification rate of about 40%,https://www.nbs.go.tz,Verified statistical information from NBS: Tanzania has an electrification rate of about 40%,National Bureau of Statistics (NBS),official_statistics,verified,,,
Tanzania's main source of electricity is hydropower,https://www.nbs.go.tz,Verified statistical information from NBS: Tanzania's main source of electricity is hydropower,National Bureau of Statistics (NBS),official_statistics,verified,,,
Tanzania has over 30 million mobile phone subscriptions,https://www.nbs.go.tz,Verified statistical information from NBS: Tanzania has over 30 million mobile phone subscriptions,National Bureau of Statistics (NBS),official_statistics,verified,,,
Tanzania has approximately 1.2 million internet users,https://www.nbs.go.tz,Verified statistical information from NBS: Tanzania has approximately 1.2 million internet users,National Bureau of Statistics (NBS),official_statistics,verified,,,
"Tanzania covers an area of 947,303 square kilometers",https://www.nbs.go.tz,"Verified statistical information from NBS: Tanzania covers an area of 947,303 square kilometers",National Bureau of Statistics (NBS),official_statistics,verified,,,
Tanzania has 20 national parks including Serengeti and Ngorongoro,https://www.nbs.go.tz,Verified statistical information from NBS: Tanzania has 20 national parks including Serengeti and Ngorongoro,National Bureau of Statistics (NBS),official_statistics,verified,,,
"Mount Kilimanjaro is the highest mountain in Tanzania at 5,895 meters",https://www.nbs.go.tz,"Verified statistical information from NBS: Mount Kilimanjaro is the highest mountain in Tanzania at 5,895 meters",National Bureau of Statistics (NBS),official_statistics,verified,,,
Malaria is the leading cause of morbidity in Tanzania affecting millions annually,https://hmisportal.moh.go.tz,Verified health information: Malaria is the leading cause of morbidity in Tanzania affecting millions annually,Ministry of Health Tanzania,health,verified,,,
Tanzania has made significant progress in reducing malaria mortality rates,https://hmisportal.moh.go.tz,Verified health information: Tanzania has made significant progress in reducing malaria mortality rates,Ministry of Health Tanzania,health,verified,,,
HIV prevalence in Tanzania is approximately 4.7% among adults,https://hmisportal.moh.go.tz,Verified health information: HIV prevalence in Tanzania is approximately 4.7% among adults,Ministry of Health Tanzania,health,verified,,,
Tuberculosis case detection rate in Tanzania is over 80%,https://hmisportal.moh.go.tz,Verified health information: Tuberculosis case detection rate in Tanzania is over 80%,Ministry of Health Tanzania,health,verified,,,
Tanzania has eliminated trachoma as a public health problem,https://hmisportal.moh.go.tz,Verified health information: Tanzania has eliminated trachoma as a public health problem,Ministry of Health Tanzania,health,verified,,,
"Tanzania has 1 hospital per 100,000 population",https://hmisportal.moh.go.tz,"Verified health information: Tanzania has 1 hospital per 100,000 population",Ministry of Health Tanzania,health,verified,,,
"Tanzania has approximately 30,000 health workers",https://hmisportal.moh.go.tz,"Verified health information: Tanzania has approximately 30,000 health workers",Ministry of Health Tanzania,health,verified,,,
"Tanzania has 1 doctor per 10,000 population",https://hmisportal.moh.go.tz,"Verified health information: Tanzania has 1 doctor per 10,000 population",Ministry of Health Tanzania,health,verified,,,
"Tanzania has 7 nurses per 10,000 population",https://hmisportal.moh.go.tz,"Verified health information: Tanzania has 7 nurses per 10,000 population",Ministry of Health Tanzania,health,verified,,,
"Tanzania's neonatal mortality rate is 21 per 1,000 live births",https://hmisportal.moh.go.tz,"Verified health information: Tanzania's neonatal mortality rate is 21 per 1,000 live births",Ministry of Health Tanzania,health,verified,,,
"Tanzania's infant mortality rate is 39 per 1,000 live births",https://hmisportal.moh.go.tz,"Verified health information: Tanzania's infant mortality rate is 39 per 1,000 live births",Ministry of Health Tanzania,health,verified,,,
Over 90% of Tanzanian women receive antenatal care,https://hmisportal.moh.go.tz,Verified health information: Over 90% of Tanzanian women receive antenatal care,Ministry of Health Tanzania,health,verified,,,
Tanzania's DTP3 immunization coverage is over 90%,https://hmisportal.moh.go.tz,Verified health information: Tanzania's DTP3 immunization coverage is over 90%,Ministry of Health Tanzania,health,verified,,,
Tanzania's measles vaccination coverage exceeds 95%,https://hmisportal.moh.go.tz,Verified health information: Tanzania's measles vaccination coverage exceeds 95%,Ministry of Health Tanzania,health,verified,,,
COVID-19 vaccination coverage in Tanzania exceeds 50%,https://hmisportal.moh.go.tz,Verified health information: COVID-19 vaccination coverage in Tanzania exceeds 50%,Ministry of Health Tanzania,health,verified,,,
Tanzania achieved polio-free status in 1996,https://hmisportal.moh.go.tz,Verified health information: Tanzania achieved polio-free status in 1996,Ministry of Health Tanzania,health,verified,,,
Stunting affects 34% of children under 5 in Tanzania,https://hmisportal.moh.go.tz,Verified health information: Stunting affects 34% of children under 5 in Tanzania,Ministry of Health Tanzania,health,verified,,,
Wasting affects 4.7% of children under 5 in Tanzania,https://hmisportal.moh.go.tz,Verified health information: Wasting affects 4.7% of children under 5 in Tanzania,Ministry of Health Tanzania,health,verified,,,
Diabetes prevalence in Tanzania is approximately 5%,https://hmisportal.moh.go.tz,Verified health information: Diabetes prevalence in Tanzania is approximately 5%,Ministry of Health Tanzania,health,verified,,,
Hypertension affects about 25% of Tanzanian adults,https://hmisportal.moh.go.tz,Verified health information: Hypertension affects about 25% of Tanzanian adults,Ministry of Health Tanzania,health,verified,,,
Tanzania's health expenditure is about 6% of GDP,https://hmisportal.moh.go.tz,Verified health information: Tanzania's health expenditure is about 6% of GDP,Ministry of Health Tanzania,health,verified,,,
Out-of-pocket health expenditure in Tanzania is 30%,https://hmisportal.moh.go.tz,Verified health information: Out-of-pocket health expenditure in Tanzania is 30%,Ministry of Health Tanzania,health,verified,,,
Tanzania has a universal health coverage policy,https://hmisportal.moh.go.tz,Verified health information: Tanzania has a universal health coverage policy,Ministry of Health Tanzania,health,verified,,,
Tanzania's pharmaceutical sector supplies 70% of essential medicines,https://hmisportal.moh.go.tz,Verified health information: Tanzania's pharmaceutical sector supplies 70% of essential medicines,Ministry of Health Tanzania,health,verified,,,
Tanzania has a national disaster management framework,https://hmisportal.moh.go.tz,Verified health information: Tanzania has a national disaster management framework,Ministry of Health Tanzania,health,verified,,,
"Tanzania's emergency medical services respond to over 100,000 cases annually",https://hmisportal.moh.go.tz,"Verified health information: Tanzania's emergency medical services respond to over 100,000 cases annually",Ministry of Health Tanzania,health,verified,,,
Tanzania has cholera outbreak response teams in all regions,https://hmisportal.moh.go.tz,Verified health information: Tanzania has cholera outbreak response teams in all regions,Ministry of Health Tanzania,health,verified,,,
Tanzania recognizes traditional medicine practitioners,https://hmisportal.moh.go.tz,Verified health information: Tanzania recognizes traditional medicine practitioners,Ministry of Health Tanzania,health,verified,,,
Over 70% of Tanzanians use traditional medicine,https://hmisportal.moh.go.tz,Verified health information: Over 70% of Tanzanians use traditional medicine,Ministry of Health Tanzania,health,verified,,,
Tanzania has a traditional medicine research institute,https://hmisportal.moh.go.tz,Verified health information: Tanzania has a traditional medicine research institute,Ministry of Health Tanzania,health,verified,,,
Tanzania has approximately 2.5 million secondary school students,https://esmis.moe.go.tz,Verified education information: Tanzania has approximately 2.5 million secondary school students,Ministry of Education Tanzania,education,verified,,,
"Tanzania has over 200,000 university students",https://esmis.moe.go.tz,"Verified education information: Tanzania has over 200,000 university students",Ministry of Education Tanzania,education,verified,,,
Tanzania has approximately 1.2 million pre-primary school children,https://esmis.moe.go.tz,Verified education information: Tanzania has approximately 1.2 million pre-primary school children,Ministry of Education Tanzania,education,verified,,,
Adult literacy rate in Tanzania is approximately 78%,https://esmis.moe.go.tz,Verified education information: Adult literacy rate in Tanzania is approximately 78%,Ministry of Education Tanzania,education,verified,,,
Youth literacy rate in Tanzania exceeds 85%,https://esmis.moe.go.tz,Verified education information: Youth literacy rate in Tanzania exceeds 85%,Ministry of Education Tanzania,education,verified,,,
Tanzania has achieved universal primary education,https://esmis.moe.go.tz,Verified education information: Tanzania has achieved universal primary education,Ministry of Education Tanzania,education,verified,,,
Tanzania's primary school completion rate is over 90%,https://esmis.moe.go.tz,Verified education information: Tanzania's primary school completion rate is over 90%,Ministry of Education Tanzania,education,verified,,,
"Tanzania has over 5,000 secondary schools",https://esmis.moe.go.tz,"Verified education information: Tanzania has over 5,000 secondary schools",Ministry of Education Tanzania,education,verified,,,
Tanzania has 15 public universities,https://esmis.moe.go.tz,Verified education information: Tanzania has 15 public universities,Ministry of Education Tanzania,education,verified,,,
Tanzania has over 30 private universities,https://esmis.moe.go.tz,Verified education information: Tanzania has over 30 private universities,Ministry of Education Tanzania,education,verified,,,
"Tanzania has approximately 350,000 primary school teachers",https://esmis.moe.go.tz,"Verified education information: Tanzania has approximately 350,000 primary school teachers",Ministry of Education Tanzania,education,verified,,,
"Tanzania has about 150,000 secondary school teachers",https://esmis.moe.go.tz,"Verified education information: Tanzania has about 150,000 secondary school teachers",Ministry of Education Tanzania,education,verified,,,
"Tanzania has over 10,000 university lecturers",https://esmis.moe.go.tz,"Verified education information: Tanzania has over 10,000 university lecturers",Ministry of Education Tanzania,education,verified,,,
Teacher-student ratio in primary schools is 1:45,https://esmis.moe.go.tz,Verified education information: Teacher-student ratio in primary schools is 1:45,Ministry of Education Tanzania,education,verified,,,
Tanzania has achieved gender parity in primary education,https://esmis.moe.go.tz,Verified education information: Tanzania has achieved gender parity in primary education,Ministry of Education Tanzania,education,verified,,,
Girls represent 49% of secondary school enrollment,https://esmis.moe.go.tz,Verified education information: Girls represent 49% of secondary school enrollment,Ministry of Education Tanzania,education,verified,,,
"Tanzania has over 1,000 girls' secondary schools",https://esmis.moe.go.tz,"Verified education information: Tanzania has over 1,000 girls' secondary schools",Ministry of Education Tanzania,education,verified,,,
Tanzania's primary school dropout rate is below 5%,https://esmis.moe.go.tz,Verified education information: Tanzania's primary school dropout rate is below 5%,Ministry of Education Tanzania,education,verified,,,
Tanzania's secondary school transition rate is 55%,https://esmis.moe.go.tz,Verified education information: Tanzania's secondary school transition rate is 55%,Ministry of Education Tanzania,education,verified,,,
Tanzania's primary school teacher qualification rate is 85%,https://esmis.moe.go.tz,Verified education information: Tanzania's primary school teacher qualification rate is 85%,Ministry of Education Tanzania,education,verified,,,
Tanzania implements a competency-based curriculum,https://esmis.moe.go.tz,Verified education information: Tanzania implements a competency-based curriculum,Ministry of Education Tanzania,education,verified,,,
Tanzania conducts national examinations for primary and secondary levels,https://esmis.moe.go.tz,Verified education information: Tanzania conducts national examinations for primary and secondary levels,Ministry of Education Tanzania,education,verified,,,
Tanzania's primary school examination pass rate exceeds 90%,https://esmis.moe.go.tz,Verified education information: Tanzania's primary school examination pass rate exceeds 90%,Ministry of Education Tanzania,education,verified,,,
Tanzania's secondary school examination pass rate is over 80%,https://esmis.moe.go.tz,Verified education information: Tanzania's secondary school examination pass rate is over 80%,Ministry of Education Tanzania,education,verified,,,
Tanzania has 8 constituent colleges under University of Dar es Salaam,https://esmis.moe.go.tz,Verified education information: Tanzania has 8 constituent colleges under University of Dar es Salaam,Ministry of Education Tanzania,education,verified,,,
"Tanzania has specialized universities for agriculture, health, and technology",https://esmis.moe.go.tz,"Verified education information: Tanzania has specialized universities for agriculture, health, and technology",Ministry of Education Tanzania,education,verified,,,
"Tanzania produces over 30,000 graduates annually",https://esmis.moe.go.tz,"Verified education information: Tanzania produces over 30,000 graduates annually",Ministry of Education Tanzania,education,verified,,,
"Tanzania has postgraduate enrollment of over 10,000 students",https://esmis.moe.go.tz,"Verified education information: Tanzania has postgraduate enrollment of over 10,000 students",Ministry of Education Tanzania,education,verified,,,
Tanzania has over 500 special education schools,https://esmis.moe.go.tz,Verified education information: Tanzania has over 500 special education schools,Ministry of Education Tanzania,education,verified,,,
Tanzania provides inclusive education for children with disabilities,https://esmis.moe.go.tz,Verified education information: Tanzania provides inclusive education for children with disabilities,Ministry of Education Tanzania,education,verified,,,
Tanzania has sign language instruction in teacher training,https://esmis.moe.go.tz,Verified education information: Tanzania has sign language instruction in teacher training,Ministry of Education Tanzania,education,verified,,,
"Tanzania has over 2,000 adult education centers",https://esmis.moe.go.tz,"Verified education information: Tanzania has over 2,000 adult education centers",Ministry of Education Tanzania,education,verified,,,
"Tanzania's adult education program serves over 500,000 learners",https://esmis.moe.go.tz,"Verified education information: Tanzania's adult education program serves over 500,000 learners",Ministry of Education Tanzania,education,verified,,,
Tanzania offers functional adult literacy programs,https://esmis.moe.go.tz,Verified education information: Tanzania offers functional adult literacy programs,Ministry of Education Tanzania,education,verified,,,
Tanzania allocates 4% of GDP to education,https://esmis.moe.go.tz,Verified education information: Tanzania allocates 4% of GDP to education,Ministry of Education Tanzania,education,verified,,,
Tanzania provides free primary education,https://esmis.moe.go.tz,Verified education information: Tanzania provides free primary education,Ministry of Education Tanzania,education,verified,,,
Tanzania offers secondary education fee subsidies,https://esmis.moe.go.tz,Verified education information: Tanzania offers secondary education fee subsidies,Ministry of Education Tanzania,education,verified,,,
Tanzania is committed to Sustainable Development Goal 4,https://esmis.moe.go.tz,Verified education information: Tanzania is committed to Sustainable Development Goal 4,Ministry of Education Tanzania,education,verified,,,
Tanzania participates in international education assessments,https://esmis.moe.go.tz,Verified education information: Tanzania participates in international education assessments,Ministry of Education Tanzania,education,verified,,,
Tanzania has ratified the African Union education protocols,https://esmis.moe.go.tz,Verified education information: Tanzania has ratified the African Union education protocols,Ministry of Education Tanzania,education,verified,,,
Dar es Salaam is the largest city in Tanzania with over 7 million people,https://tanzania.hurumap.org,Verified demographic information: Dar es Salaam is the largest city in Tanzania with over 7 million people,HURUmap Tanzania,demographics,verified,,,
Mwanza is the second largest city with approximately 1.1 million people,https://tanzania.hurumap.org,Verified demographic information: Mwanza is the second largest city with approximately 1.1 million people,HURUmap Tanzania,demographics,verified,,,
Zanzibar has a population of about 1.3 million people,https://tanzania.hurumap.org,Verified demographic information: Zanzibar has a population of about 1.3 million people,HURUmap Tanzania,demographics,verified,,,
"Arusha has a population of approximately 800,000 people",https://tanzania.hurumap.org,"Verified demographic information: Arusha has a population of approximately 800,000 people",HURUmap Tanzania,demographics,verified,,,
Kiswahili is the official language of Tanzania,https://tanzania.hurumap.org,Verified demographic information: Kiswahili is the official language of Tanzania,HURUmap Tanzania,demographics,verified,,,
English is the official language for secondary education and higher learning,https://tanzania.hurumap.org,Verified demographic information: English is the official language for secondary education and higher learning,HURUmap Tanzania,demographics,verified,,,
Tanzania has 120 ethnic groups with Sukuma being the largest,https://tanzania.hurumap.org,Verified demographic information: Tanzania has 120 ethnic groups with Sukuma being the largest,HURUmap Tanzania,demographics,verified,,,
Tanzania recognizes over 150 local languages,https://tanzania.hurumap.org,Verified demographic information: Tanzania recognizes over 150 local languages,HURUmap Tanzania,demographics,verified,,,
Tanzania has a median age of 18 years,https://tanzania.hurumap.org,Verified demographic information: Tanzania has a median age of 18 years,HURUmap Tanzania,demographics,verified,,,
Children under 15 years represent 44% of the population,https://tanzania.hurumap.org,Verified demographic information: Children under 15 years represent 44% of the population,HURUmap Tanzania,demographics,verified,,,
Working age population (15-64 years) is 53% of total population,https://tanzania.hurumap.org,Verified demographic information: Working age population (15-64 years) is 53% of total population,HURUmap Tanzania,demographics,verified,,,
Elderly population (65+ years) is 3% of total population,https://tanzania.hurumap.org,Verified demographic information: Elderly population (65+ years) is 3% of total population,HURUmap Tanzania,demographics,verified,,,
Tanzania has a sex ratio of 95 males per 100 females,https://tanzania.hurumap.org,Verified demographic information: Tanzania has a sex ratio of 95 males per 100 females,HURUmap Tanzania,demographics,verified,,,
Female population represents 51% of total population,https://tanzania.hurumap.org,Verified demographic information: Female population represents 51% of total population,HURUmap Tanzania,demographics,verified,,,
Tanzania has more women than men in urban areas,https://tanzania.hurumap.org,Verified demographic information: Tanzania has more women than men in urban areas,HURUmap Tanzania,demographics,verified,,,
Tanzania's urbanization rate is 37%,https://tanzania.hurumap.org,Verified demographic information: Tanzania's urbanization rate is 37%,HURUmap Tanzania,demographics,verified,,,
Rural population represents 63% of total population,https://tanzania.hurumap.org,Verified demographic information: Rural population represents 63% of total population,HURUmap Tanzania,demographics,verified,,,
Dar es Salaam region has 100% urbanization rate,https://tanzania.hurumap.org,Verified demographic information: Dar es Salaam region has 100% urbanization rate,HURUmap Tanzania,demographics,verified,,,
Kagera region has the highest population density,https://tanzania.hurumap.org,Verified demographic information: Kagera region has the highest population density,HURUmap Tanzania,demographics,verified,,,
Lindi region has the lowest population density,https://tanzania.hurumap.org,Verified demographic information: Lindi region has the lowest population density,HURUmap Tanzania,demographics,verified,,,
Tanzania has 22 regions on mainland and 4 on Zanzibar,https://tanzania.hurumap.org,Verified demographic information: Tanzania has 22 regions on mainland and 4 on Zanzibar,HURUmap Tanzania,demographics,verified,,,
Average household size in Tanzania is 4.7 persons,https://tanzania.hurumap.org,Verified demographic information: Average household size in Tanzania is 4.7 persons,HURUmap Tanzania,demographics,verified,,,
Tanzania has over 12 million households,https://tanzania.hurumap.org,Verified demographic information: Tanzania has over 12 million households,HURUmap Tanzania,demographics,verified,,,
Nuclear families represent 60% of household types,https://tanzania.hurumap.org,Verified demographic information: Nuclear families represent 60% of household types,HURUmap Tanzania,demographics,verified,,,
Extended families represent 40% of household types,https://tanzania.hurumap.org,Verified demographic information: Extended families represent 40% of household types,HURUmap Tanzania,demographics,verified,,,
Tanzania's primary school enrollment rate is 95%,https://tanzania.hurumap.org,Verified demographic information: Tanzania's primary school enrollment rate is 95%,HURUmap Tanzania,demographics,verified,,,
Tanzania's secondary school enrollment rate is 35%,https://tanzania.hurumap.org,Verified demographic information: Tanzania's secondary school enrollment rate is 35%,HURUmap Tanzania,demographics,verified,,,
Adult literacy rate in Tanzania is 78%,https://tanzania.hurumap.org,Verified demographic information: Adult literacy rate in Tanzania is 78%,HURUmap Tanzania,demographics,verified,,,
Female literacy rate is slightly higher than male literacy,https://tanzania.hurumap.org,Verified demographic information: Female literacy rate is slightly higher than male literacy,HURUmap Tanzania,demographics,verified,,,
Over 60% of Tanzanians work in agriculture,https://tanzania.hurumap.org,Verified demographic information: Over 60% of Tanzanians work in agriculture,HURUmap Tanzania,demographics,verified,,,
Tanzania's unemployment rate is approximately 2.6%,https://tanzania.hurumap.org,Verified demographic information: Tanzania's unemployment rate is approximately 2.6%,HURUmap Tanzania,demographics,verified,,,
Youth unemployment rate is higher than national average,https://tanzania.hurumap.org,Verified demographic information: Youth unemployment rate is higher than national average,HURUmap Tanzania,demographics,verified,,,
Tanzania's life expectancy is approximately 67 years,https://tanzania.hurumap.org,Verified demographic information: Tanzania's life expectancy is approximately 67 years,HURUmap Tanzania,demographics,verified,,,
"Infant mortality rate is 39 per 1,000 live births",https://tanzania.hurumap.org,"Verified demographic information: Infant mortality rate is 39 per 1,000 live births",HURUmap Tanzania,demographics,verified,,,
Tanzania's fertility rate is 4.6 children per woman,https://tanzania.hurumap.org,Verified demographic information: Tanzania's fertility rate is 4.6 children per woman,HURUmap Tanzania,demographics,verified,,,
Contraceptive prevalence rate is 39%,https://tanzania.hurumap.org,Verified demographic information: Contraceptive prevalence rate is 39%,HURUmap Tanzania,demographics,verified,,,
Tanzania's poverty headcount ratio is 26%,https://tanzania.hurumap.org,Verified demographic information: Tanzania's poverty headcount ratio is 26%,HURUmap Tanzania,demographics,verified,,,
Rural poverty rate is 33% compared to 16% in urban areas,https://tanzania.hurumap.org,Verified demographic information: Rural poverty rate is 33% compared to 16% in urban areas,HURUmap Tanzania,demographics,verified,,,
Tanzania has reduced poverty from 34% in 2012 to 26% in 2020,https://tanzania.hurumap.org,Verified demographic information: Tanzania has reduced poverty from 34% in 2012 to 26% in 2020,HURUmap Tanzania,demographics,verified,,,
Income inequality (Gini coefficient) is 0.42,https://tanzania.hurumap.org,Verified demographic information: Income inequality (Gini coefficient) is 0.42,HURUmap Tanzania,demographics,verified,,,
Tanzania has over 1 million internal migrants,https://tanzania.hurumap.org,Verified demographic information: Tanzania has over 1 million internal migrants,HURUmap Tanzania,demographics,verified,,,
Rural-urban migration accounts for 60% of internal migration,https://tanzania.hurumap.org,Verified demographic information: Rural-urban migration accounts for 60% of internal migration,HURUmap Tanzania,demographics,verified,,,
"Tanzania hosts approximately 250,000 refugees",https://tanzania.hurumap.org,"Verified demographic information: Tanzania hosts approximately 250,000 refugees",HURUmap Tanzania,demographics,verified,,,
International migration rate is relatively low,https://tanzania.hurumap.org,Verified demographic information: International migration rate is relatively low,HURUmap Tanzania,demographics,verified,,,
Persons with disabilities represent 7.8% of Tanzanian population,https://tanzania.hurumap.org,Verified demographic information: Persons with disabilities represent 7.8% of Tanzanian population,HURUmap Tanzania,demographics,verified,,,
Tanzania has over 3 million persons with disabilities,https://tanzania.hurumap.org,Verified demographic information: Tanzania has over 3 million persons with disabilities,HURUmap Tanzania,demographics,verified,,,
Albino population faces specific challenges and discrimination,https://tanzania.hurumap.org,Verified demographic information: Albino population faces specific challenges and discrimination,HURUmap Tanzania,demographics,verified,,,
Christians represent 61% of Tanzanian population,https://tanzania.hurumap.org,Verified demographic information: Christians represent 61% of Tanzanian population,HURUmap Tanzania,demographics,verified,,,
Muslims represent 35% of Tanzanian population,https://tanzania.hurumap.org,Verified demographic information: Muslims represent 35% of Tanzanian population,HURUmap Tanzania,demographics,verified,,,
Traditional African religions represent 4% of population,https://tanzania.hurumap.org,Verified demographic information: Traditional African religions represent 4% of population,HURUmap Tanzania,demographics,verified,,,
Religious diversity is generally peaceful,https://tanzania.hurumap.org,Verified demographic information: Religious diversity is generally peaceful,HURUmap Tanzania,demographics,verified,,,
Tanzania's central bank policy rate is 7.0%,https://www.bot.go.tz,Verified financial data from Bank of Tanzania: Tanzania's central bank policy rate is 7.0%,Bank of Tanzania (BoT),financial,verified,,,
"Tanzania Shilling exchange rate is approximately TZS 2,500 per USD",https://www.bot.go.tz,"Verified financial data from Bank of Tanzania: Tanzania Shilling exchange rate is approximately TZS 2,500 per USD",Bank of Tanzania (BoT),financial,verified,,,
Tanzania's money supply (M3) reached TZS 35.2 trillion in 2022,https://www.bot.go.tz,Verified financial data from Bank of Tanzania: Tanzania's money supply (M3) reached TZS 35.2 trillion in 2022,Bank of Tanzania (BoT),financial,verified,,,
Tanzania's commercial bank deposits reached TZS 28.1 trillion in 2022,https://www.bot.go.tz,Verified financial data from Bank of Tanzania: Tanzania's commercial bank deposits reached TZS 28.1 trillion in 2022,Bank of Tanzania (BoT),financial,verified,,,
Tanzania's commercial bank loans reached TZS 22.3 trillion in 2022,https://www.bot.go.tz,Verified financial data from Bank of Tanzania: Tanzania's commercial bank loans reached TZS 22.3 trillion in 2022,Bank of Tanzania (BoT),financial,verified,,,
Tanzania's banking sector has 58 commercial banks,https://www.bot.go.tz,Verified financial data from Bank of Tanzania: Tanzania's banking sector has 58 commercial banks,Bank of Tanzania (BoT),financial,verified,,,
"Tanzania's microfinance institutions number over 3,000",https://www.bot.go.tz,"Verified financial data from Bank of Tanzania: Tanzania's microfinance institutions number over 3,000",Bank of Tanzania (BoT),financial,verified,,,
Tanzania's mobile money transactions reached TZS 45 trillion in 2022,https://www.bot.go.tz,Verified financial data from Bank of Tanzania: Tanzania's mobile money transactions reached TZS 45 trillion in 2022,Bank of Tanzania (BoT),financial,verified,,,
Tanzania's financial inclusion rate reached 78% in 2022,https://www.bot.go.tz,Verified financial data from Bank of Tanzania: Tanzania's financial inclusion rate reached 78% in 2022,Bank of Tanzania (BoT),financial,verified,,,
Tanzania's insurance penetration reached 2.8% of GDP in 2022,https://www.bot.go.tz,Verified financial data from Bank of Tanzania: Tanzania's insurance penetration reached 2.8% of GDP in 2022,Bank of Tanzania (BoT),financial,verified,,,
Tanzania's pension fund assets reached TZS 12.2 trillion in 2022,https://www.bot.go.tz,Verified financial data from Bank of Tanzania: Tanzania's pension fund assets reached TZS 12.2 trillion in 2022,Bank of Tanzania (BoT),financial,verified,,,
Tanzania's stock exchange market capitalization reached TZS 18.5 trillion,https://www.bot.go.tz,Verified financial data from Bank of Tanzania: Tanzania's stock exchange market capitalization reached TZS 18.5 trillion,Bank of Tanzania (BoT),financial,verified,,,
Tanzania's government securities outstanding reached TZS 15.8 trillion,https://www.bot.go.tz,Verified financial data from Bank of Tanzania: Tanzania's government securities outstanding reached TZS 15.8 trillion,Bank of Tanzania (BoT),financial,verified,,,
Tanzania's foreign exchange reserves reached USD 6.2 billion,https://www.bot.go.tz,Verified financial data from Bank of Tanzania: Tanzania's foreign exchange reserves reached USD 6.2 billion,Bank of Tanzania (BoT),financial,verified,,,
Tanzania's gold exports reached USD 2.8 billion in 2022,https://www.bot.go.tz,Verified financial data from Bank of Tanzania: Tanzania's gold exports reached USD 2.8 billion in 2022,Bank of Tanzania (BoT),financial,verified,,,
TRA Tanzania: Overall Collection FY - 2022/2023,https://www.tra.go.tz,Revenue data from Tanzania Revenue Authority: Overall Collection FY - 2022/2023,Tanzania Revenue Authority (TRA),revenue,verified,,,
TRA Tanzania: Overall Collection FY - 2023/2024,https://www.tra.go.tz,Revenue data from Tanzania Revenue Authority: Overall Collection FY - 2023/2024,Tanzania Revenue Authority (TRA),revenue,verified,,,
TRA Tanzania: Overall Collection FY - 2024/2025,https://www.tra.go.tz,Revenue data from Tanzania Revenue Authority: Overall Collection FY - 2024/2025,Tanzania Revenue Authority (TRA),revenue,verified,,,
Tanzania's tax revenue reached TZS 18.2 trillion in 2022,https://www.tra.go.tz,Verified revenue data from TRA: Tanzania's tax revenue reached TZS 18.2 trillion in 2022,Tanzania Revenue Authority (TRA),revenue,verified,,,
Tanzania's VAT collections reached TZS 6.8 trillion in 2022,https://www.tra.go.tz,Verified revenue data from TRA: Tanzania's VAT collections reached TZS 6.8 trillion in 2022,Tanzania Revenue Authority (TRA),revenue,verified,,,
Tanzania's PAYE collections reached TZS 4.2 trillion in 2022,https://www.tra.go.tz,Verified revenue data from TRA: Tanzania's PAYE collections reached TZS 4.2 trillion in 2022,Tanzania Revenue Authority (TRA),revenue,verified,,,
Tanzania's corporate income tax reached TZS 3.1 trillion in 2022,https://www.tra.go.tz,Verified revenue data from TRA: Tanzania's corporate income tax reached TZS 3.1 trillion in 2022,Tanzania Revenue Authority (TRA),revenue,verified,,,
Tanzania's excise duty collections reached TZS 2.9 trillion in 2022,https://www.tra.go.tz,Verified revenue data from TRA: Tanzania's excise duty collections reached TZS 2.9 trillion in 2022,Tanzania Revenue Authority (TRA),revenue,verified,,,
Tanzania's customs duty collections reached TZS 1.2 trillion in 2022,https://www.tra.go.tz,Verified revenue data from TRA: Tanzania's customs duty collections reached TZS 1.2 trillion in 2022,Tanzania Revenue Authority (TRA),revenue,verified,,,
Tanzania's total government revenue reached TZS 25.8 trillion in 2022,https://www.tra.go.tz,Verified revenue data from TRA: Tanzania's total government revenue reached TZS 25.8 trillion in 2022,Tanzania Revenue Authority (TRA),revenue,verified,,,
Tanzania's tax-to-GDP ratio reached 13.2% in 2022,https://www.tra.go.tz,Verified revenue data from TRA: Tanzania's tax-to-GDP ratio reached 13.2% in 2022,Tanzania Revenue Authority (TRA),revenue,verified,,,
Tanzania registered 2.1 million active taxpayers in 2022,https://www.tra.go.tz,Verified revenue data from TRA: Tanzania registered 2.1 million active taxpayers in 2022,Tanzania Revenue Authority (TRA),revenue,verified,,,
Tanzania's electronic tax filing reached 85% adoption rate,https://www.tra.go.tz,Verified revenue data from TRA: Tanzania's electronic tax filing reached 85% adoption rate,Tanzania Revenue Authority (TRA),revenue,verified,,,
Tanzania's customs processing time reduced to 48 hours,https://www.tra.go.tz,Verified revenue data from TRA: Tanzania's customs processing time reduced to 48 hours,Tanzania Revenue Authority (TRA),revenue,verified,,,
Tanzania's tax compliance rate improved to 78%,https://www.tra.go.tz,Verified revenue data from TRA: Tanzania's tax compliance rate improved to 78%,Tanzania Revenue Authority (TRA),revenue,verified,,,
Tanzania's informal sector tax collections reached TZS 1.8 trillion,https://www.tra.go.tz,Verified revenue data from TRA: Tanzania's informal sector tax collections reached TZS 1.8 trillion,Tanzania Revenue Authority (TRA),revenue,verified,,,
Tanzania's mining sector tax contributions reached TZS 2.2 trillion,https://www.tra.go.tz,Verified revenue data from TRA: Tanzania's mining sector tax contributions reached TZS 2.2 trillion,Tanzania Revenue Authority (TRA),revenue,verified,,,
Tanzania's tourism sector tax collections reached TZS 450 billion,https://www.tra.go.tz,Verified revenue data from TRA: Tanzania's tourism sector tax collections reached TZS 450 billion,Tanzania Revenue Authority (TRA),revenue,verified,,,
"World Bank Tanzania: SocialIndicatorMost recent valueTrendLife expectancy at birth, total (years)Life expectancy at birth, total (years)Most recent value(2024)67(2024)TrendPoverty headcount ratio at $3.00 a day (2021 PPP) (% of population)Poverty headcount ratio at $3.00 a day (2021 PPP) (% of population)Most recent value(2018)51.3(2018)TrendPopulation, totalPopulation, totalMost recent value(2024)68,560,157(2024)TrendPopulation growth (annual %)Population growth (annual %)Most recent value(2024)2.9(2024)TrendNet migrationNet migrationMost recent value(2025)-12,730(2025)TrendMost recent value(2020)0.39(2020)Trend",https://data.worldbank.org/country/tanzania,"Development indicators from World Bank: SocialIndicatorMost recent valueTrendLife expectancy at birth, total (years)Life expectancy at birth, total (years)Most recent value(2024)67(2024)TrendPoverty headcount ratio at $3.00 a day (2021 PPP) (% of population)Poverty headcount ratio at $3.00 a day (2021 PPP) (% of population)Most recent value(2018)51.3(2018)TrendPopulation, totalPopulation, totalMost recent value(2024)68,560,157(2024)TrendPopulation growth (annual %)Population growth (annual %)Most recent value(2024)2.9(2024)TrendNet migrationNet migrationMost recent value(2025)-12,730(2025)TrendMost recent value(2020)0.39(2020)Trend",World Bank Tanzania,development,verified,,,
"World Bank Tanzania: Life expectancy at birth, total (years)Life expectancy at birth, total (years)Most recent value(2024)67(2024)Trend",https://data.worldbank.org/country/tanzania,"Development indicators from World Bank: Life expectancy at birth, total (years)Life expectancy at birth, total (years)Most recent value(2024)67(2024)Trend",World Bank Tanzania,development,verified,,,
World Bank Tanzania: Most recent value(2024)67(2024),https://data.worldbank.org/country/tanzania,Development indicators from World Bank: Most recent value(2024)67(2024),World Bank Tanzania,development,verified,,,
World Bank Tanzania: Most recent value(2024),https://data.worldbank.org/country/tanzania,Development indicators from World Bank: Most recent value(2024),World Bank Tanzania,development,verified,,,
World Bank Tanzania: Poverty headcount ratio at $3.00 a day (2021 PPP) (% of population)Poverty headcount ratio at $3.00 a day (2021 PPP) (% of population)Most recent value(2018)51.3(2018)Trend,https://data.worldbank.org/country/tanzania,Development indicators from World Bank: Poverty headcount ratio at $3.00 a day (2021 PPP) (% of population)Poverty headcount ratio at $3.00 a day (2021 PPP) (% of population)Most recent value(2018)51.3(2018)Trend,World Bank Tanzania,development,verified,,,
World Bank Tanzania: Poverty headcount ratio at $3.00 a day (2021 PPP) (% of population),https://data.worldbank.org/country/tanzania,Development indicators from World Bank: Poverty headcount ratio at $3.00 a day (2021 PPP) (% of population),World Bank Tanzania,development,verified,,,
World Bank Tanzania: Most recent value(2018)51.3(2018),https://data.worldbank.org/country/tanzania,Development indicators from World Bank: Most recent value(2018)51.3(2018),World Bank Tanzania,development,verified,,,
World Bank Tanzania: Most recent value(2018),https://data.worldbank.org/country/tanzania,Development indicators from World Bank: Most recent value(2018),World Bank Tanzania,development,verified,,,
"World Bank Tanzania: Population, totalPopulation, totalMost recent value(2024)68,560,157(2024)Trend",https://data.worldbank.org/country/tanzania,"Development indicators from World Bank: Population, totalPopulation, totalMost recent value(2024)68,560,157(2024)Trend",World Bank Tanzania,development,verified,,,
"World Bank Tanzania: Most recent value(2024)68,560,157(2024)",https://data.worldbank.org/country/tanzania,"Development indicators from World Bank: Most recent value(2024)68,560,157(2024)",World Bank Tanzania,development,verified,,,
World Bank Tanzania: Population growth (annual %)Population growth (annual %)Most recent value(2024)2.9(2024)Trend,https://data.worldbank.org/country/tanzania,Development indicators from World Bank: Population growth (annual %)Population growth (annual %)Most recent value(2024)2.9(2024)Trend,World Bank Tanzania,development,verified,,,
World Bank Tanzania: Most recent value(2024)2.9(2024),https://data.worldbank.org/country/tanzania,Development indicators from World Bank: Most recent value(2024)2.9(2024),World Bank Tanzania,development,verified,,,
"World Bank Tanzania: Net migrationNet migrationMost recent value(2025)-12,730(2025)Trend",https://data.worldbank.org/country/tanzania,"Development indicators from World Bank: Net migrationNet migrationMost recent value(2025)-12,730(2025)Trend",World Bank Tanzania,development,verified,,,
"World Bank Tanzania: Most recent value(2025)-12,730(2025)",https://data.worldbank.org/country/tanzania,"Development indicators from World Bank: Most recent value(2025)-12,730(2025)",World Bank Tanzania,development,verified,,,
World Bank Tanzania: Most recent value(2025),https://data.worldbank.org/country/tanzania,Development indicators from World Bank: Most recent value(2025),World Bank Tanzania,development,verified,,,
World Bank Tanzania: Most recent value(2020)0.39(2020)Trend,https://data.worldbank.org/country/tanzania,Development indicators from World Bank: Most recent value(2020)0.39(2020)Trend,World Bank Tanzania,development,verified,,,
World Bank Tanzania: Most recent value(2020)0.39(2020),https://data.worldbank.org/country/tanzania,Development indicators from World Bank: Most recent value(2020)0.39(2020),World Bank Tanzania,development,verified,,,
World Bank Tanzania: Most recent value(2020),https://data.worldbank.org/country/tanzania,Development indicators from World Bank: Most recent value(2020),World Bank Tanzania,development,verified,,,
"World Bank Tanzania: EconomicIndicatorMost recent valueTrendGDP (current US$)GDP (current US$)current US$constant US$current LCUconstant LCUMost recent value(2024 billion)78.84(2024 billion)TrendGDP per capita (current US$)GDP per capita (current US$)current US$constant US$current LCUconstant LCUMost recent value(2024)1,186.7(2024)TrendGDP growth (annual %)GDP growth (annual %)Most recent value(2024)5.5(2024)TrendUnemployment, total (% of total labor force) (modeled ILO estimate)Unemployment, total (% of total labor force) (modeled ILO estimate)Most recent value(2025)1.6(2025)TrendInflation, consumer prices (annual %)Inflation, consumer prices (annual %)Most recent value(2024)3.1(2024)TrendPersonal remittances, received (% of GDP)Personal remittances, received (% of GDP)Most recent value(2024)1.4(2024)Trend",https://data.worldbank.org/country/tanzania,"Development indicators from World Bank: EconomicIndicatorMost recent valueTrendGDP (current US$)GDP (current US$)current US$constant US$current LCUconstant LCUMost recent value(2024 billion)78.84(2024 billion)TrendGDP per capita (current US$)GDP per capita (current US$)current US$constant US$current LCUconstant LCUMost recent value(2024)1,186.7(2024)TrendGDP growth (annual %)GDP growth (annual %)Most recent value(2024)5.5(2024)TrendUnemployment, total (% of total labor force) (modeled ILO estimate)Unemployment, total (% of total labor force) (modeled ILO estimate)Most recent value(2025)1.6(2025)TrendInflation, consumer prices (annual %)Inflation, consumer prices (annual %)Most recent value(2024)3.1(2024)TrendPersonal remittances, received (% of GDP)Personal remittances, received (% of GDP)Most recent value(2024)1.4(2024)Trend",World Bank Tanzania,development,verified,,,
World Bank Tanzania: GDP (current US$)GDP (current US$)current US$constant US$current LCUconstant LCUMost recent value(2024 billion)78.84(2024 billion)Trend,https://data.worldbank.org/country/tanzania,Development indicators from World Bank: GDP (current US$)GDP (current US$)current US$constant US$current LCUconstant LCUMost recent value(2024 billion)78.84(2024 billion)Trend,World Bank Tanzania,development,verified,,,
World Bank Tanzania: Most recent value(2024 billion)78.84(2024 billion),https://data.worldbank.org/country/tanzania,Development indicators from World Bank: Most recent value(2024 billion)78.84(2024 billion),World Bank Tanzania,development,verified,,,
World Bank Tanzania: Most recent value(2024 billion),https://data.worldbank.org/country/tanzania,Development indicators from World Bank: Most recent value(2024 billion),World Bank Tanzania,development,verified,,,
"World Bank Tanzania: GDP per capita (current US$)GDP per capita (current US$)current US$constant US$current LCUconstant LCUMost recent value(2024)1,186.7(2024)Trend",https://data.worldbank.org/country/tanzania,"Development indicators from World Bank: GDP per capita (current US$)GDP per capita (current US$)current US$constant US$current LCUconstant LCUMost recent value(2024)1,186.7(2024)Trend",World Bank Tanzania,development,verified,,,
"World Bank Tanzania: Most recent value(2024)1,186.7(2024)",https://data.worldbank.org/country/tanzania,"Development indicators from World Bank: Most recent value(2024)1,186.7(2024)",World Bank Tanzania,development,verified,,,
World Bank Tanzania: GDP growth (annual %)GDP growth (annual %)Most recent value(2024)5.5(2024)Trend,https://data.worldbank.org/country/tanzania,Development indicators from World Bank: GDP growth (annual %)GDP growth (annual %)Most recent value(2024)5.5(2024)Trend,World Bank Tanzania,development,verified,,,
World Bank Tanzania: Most recent value(2024)5.5(2024),https://data.worldbank.org/country/tanzania,Development indicators from World Bank: Most recent value(2024)5.5(2024),World Bank Tanzania,development,verified,,,
"World Bank Tanzania: Unemployment, total (% of total labor force) (modeled ILO estimate)Unemployment, total (% of total labor force) (modeled ILO estimate)Most recent value(2025)1.6(2025)Trend",https://data.worldbank.org/country/tanzania,"Development indicators from World Bank: Unemployment, total (% of total labor force) (modeled ILO estimate)Unemployment, total (% of total labor force) (modeled ILO estimate)Most recent value(2025)1.6(2025)Trend",World Bank Tanzania,development,verified,,,
World Bank Tanzania: Most recent value(2025)1.6(2025),https://data.worldbank.org/country/tanzania,Development indicators from World Bank: Most recent value(2025)1.6(2025),World Bank Tanzania,development,verified,,,
"World Bank Tanzania: Inflation, consumer prices (annual %)Inflation, consumer prices (annual %)Most recent value(2024)3.1(2024)Trend",https://data.worldbank.org/country/tanzania,"Development indicators from World Bank: Inflation, consumer prices (annual %)Inflation, consumer prices (annual %)Most recent value(2024)3.1(2024)Trend",World Bank Tanzania,development,verified,,,
World Bank Tanzania: Most recent value(2024)3.1(2024),https://data.worldbank.org/country/tanzania,Development indicators from World Bank: Most recent value(2024)3.1(2024),World Bank Tanzania,development,verified,,,
"World Bank Tanzania: Personal remittances, received (% of GDP)Personal remittances, received (% of GDP)Most recent value(2024)1.4(2024)Trend",https://data.worldbank.org/country/tanzania,"Development indicators from World Bank: Personal remittances, received (% of GDP)Personal remittances, received (% of GDP)Most recent value(2024)1.4(2024)Trend",World Bank Tanzania,development,verified,,,
World Bank Tanzania: Most recent value(2024)1.4(2024),https://data.worldbank.org/country/tanzania,Development indicators from World Bank: Most recent value(2024)1.4(2024),World Bank Tanzania,development,verified,,,
"World Bank Tanzania: EnvironmentIndicatorMost recent valueTrendAccess to electricity (% of population)Access to electricity (% of population)Most recent value(2023)48.3(2023)TrendForest area (% of land area)Forest area (% of land area)Most recent value(2023)50.1(2023)TrendCarbon dioxide (CO2) emissions excluding LULUCF per capita (t CO2e/capita)Carbon dioxide (CO2) emissions excluding LULUCF per capita (t CO2e/capita)Most recent value(2024)0.3(2024)TrendAnnual freshwater withdrawals, total (% of internal resources)Annual freshwater withdrawals, total (% of internal resources)Most recent value(2022)6(2022)TrendElectricity production from renewable sources, excluding hydroelectric (% of total)Electricity production from renewable sources, excluding hydroelectric (% of total)Most recent value(2021)3.5(2021)TrendPeople using safely managed sanitation services (% of population)People using safely managed sanitation services (% of population)Most recent value(2024)28(2024)Trend",https://data.worldbank.org/country/tanzania,"Development indicators from World Bank: EnvironmentIndicatorMost recent valueTrendAccess to electricity (% of population)Access to electricity (% of population)Most recent value(2023)48.3(2023)TrendForest area (% of land area)Forest area (% of land area)Most recent value(2023)50.1(2023)TrendCarbon dioxide (CO2) emissions excluding LULUCF per capita (t CO2e/capita)Carbon dioxide (CO2) emissions excluding LULUCF per capita (t CO2e/capita)Most recent value(2024)0.3(2024)TrendAnnual freshwater withdrawals, total (% of internal resources)Annual freshwater withdrawals, total (% of internal resources)Most recent value(2022)6(2022)TrendElectricity production from renewable sources, excluding hydroelectric (% of total)Electricity production from renewable sources, excluding hydroelectric (% of total)Most recent value(2021)3.5(2021)TrendPeople using safely managed sanitation services (% of population)People using safely managed sanitation services (% of population)Most recent value(2024)28(2024)Trend",World Bank Tanzania,development,verified,,,
World Bank Tanzania: Access to electricity (% of population)Access to electricity (% of population)Most recent value(2023)48.3(2023)Trend,https://data.worldbank.org/country/tanzania,Development indicators from World Bank: Access to electricity (% of population)Access to electricity (% of population)Most recent value(2023)48.3(2023)Trend,World Bank Tanzania,development,verified,,,
World Bank Tanzania: Most recent value(2023)48.3(2023),https://data.worldbank.org/country/tanzania,Development indicators from World Bank: Most recent value(2023)48.3(2023),World Bank Tanzania,development,verified,,,
World Bank Tanzania: Most recent value(2023),https://data.worldbank.org/country/tanzania,Development indicators from World Bank: Most recent value(2023),World Bank Tanzania,development,verified,,,
World Bank Tanzania: Forest area (% of land area)Forest area (% of land area)Most recent value(2023)50.1(2023)Trend,https://data.worldbank.org/country/tanzania,Development indicators from World Bank: Forest area (% of land area)Forest area (% of land area)Most recent value(2023)50.1(2023)Trend,World Bank Tanzania,development,verified,,,
World Bank Tanzania: Most recent value(2023)50.1(2023),https://data.worldbank.org/country/tanzania,Development indicators from World Bank: Most recent value(2023)50.1(2023),World Bank Tanzania,development,verified,,,
World Bank Tanzania: Carbon dioxide (CO2) emissions excluding LULUCF per capita (t CO2e/capita)Carbon dioxide (CO2) emissions excluding LULUCF per capita (t CO2e/capita)Most recent value(2024)0.3(2024)Trend,https://data.worldbank.org/country/tanzania,Development indicators from World Bank: Carbon dioxide (CO2) emissions excluding LULUCF per capita (t CO2e/capita)Carbon dioxide (CO2) emissions excluding LULUCF per capita (t CO2e/capita)Most recent value(2024)0.3(2024)Trend,World Bank Tanzania,development,verified,,,
World Bank Tanzania: Carbon dioxide (CO2) emissions excluding LULUCF per capita (t CO2e/capita),https://data.worldbank.org/country/tanzania,Development indicators from World Bank: Carbon dioxide (CO2) emissions excluding LULUCF per capita (t CO2e/capita),World Bank Tanzania,development,verified,,,
World Bank Tanzania: Most recent value(2024)0.3(2024),https://data.worldbank.org/country/tanzania,Development indicators from World Bank: Most recent value(2024)0.3(2024),World Bank Tanzania,development,verified,,,
"World Bank Tanzania: Annual freshwater withdrawals, total (% of internal resources)Annual freshwater withdrawals, total (% of internal resources)Most recent value(2022)6(2022)Trend",https://data.worldbank.org/country/tanzania,"Development indicators from World Bank: Annual freshwater withdrawals, total (% of internal resources)Annual freshwater withdrawals, total (% of internal resources)Most recent value(2022)6(2022)Trend",World Bank Tanzania,development,verified,,,
World Bank Tanzania: Most recent value(2022)6(2022),https://data.worldbank.org/country/tanzania,Development indicators from World Bank: Most recent value(2022)6(2022),World Bank Tanzania,development,verified,,,
World Bank Tanzania: Most recent value(2022),https://data.worldbank.org/country/tanzania,Development indicators from World Bank: Most recent value(2022),World Bank Tanzania,development,verified,,,
"World Bank Tanzania: Electricity production from renewable sources, excluding hydroelectric (% of total)Electricity production from renewable sources, excluding hydroelectric (% of total)Most recent value(2021)3.5(2021)Trend",https://data.worldbank.org/country/tanzania,"Development indicators from World Bank: Electricity production from renewable sources, excluding hydroelectric (% of total)Electricity production from renewable sources, excluding hydroelectric (% of total)Most recent value(2021)3.5(2021)Trend",World Bank Tanzania,development,verified,,,
World Bank Tanzania: Most recent value(2021)3.5(2021),https://data.worldbank.org/country/tanzania,Development indicators from World Bank: Most recent value(2021)3.5(2021),World Bank Tanzania,development,verified,,,
World Bank Tanzania: Most recent value(2021),https://data.worldbank.org/country/tanzania,Development indicators from World Bank: Most recent value(2021),World Bank Tanzania,development,verified,,,
World Bank Tanzania: People using safely managed sanitation services (% of population)People using safely managed sanitation services (% of population)Most recent value(2024)28(2024)Trend,https://data.worldbank.org/country/tanzania,Development indicators from World Bank: People using safely managed sanitation services (% of population)People using safely managed sanitation services (% of population)Most recent value(2024)28(2024)Trend,World Bank Tanzania,development,verified,,,
World Bank Tanzania: Most recent value(2024)28(2024),https://data.worldbank.org/country/tanzania,Development indicators from World Bank: Most recent value(2024)28(2024),World Bank Tanzania,development,verified,,,
"World Bank Tanzania: InstitutionsIndicatorMost recent valueTrendIndividuals using the Internet (% of population)Individuals using the Internet (% of population)Most recent value(2024)31(2024)TrendIntentional homicides (per 100,000 people)Intentional homicides (per 100,000 people)Most recent value(2020)4(2020)TrendProportion of seats held by women in national parliaments (%)Proportion of seats held by women in national parliaments (%)Most recent value(2025)40(2025)TrendCentral government debt, total (% of GDP)Central government debt, total (% of GDP)No data availableTrendStatistical performance indicators (SPI): Overall score (scale 0-100)Statistical performance indicators (SPI): Overall score (scale 0-100)Most recent value(2024)68.2(2024)TrendForeign direct investment, net inflows (% of GDP)Foreign direct investment, net inflows (% of GDP)Most recent value(2024)2.2(2024)Trend",https://data.worldbank.org/country/tanzania,"Development indicators from World Bank: InstitutionsIndicatorMost recent valueTrendIndividuals using the Internet (% of population)Individuals using the Internet (% of population)Most recent value(2024)31(2024)TrendIntentional homicides (per 100,000 people)Intentional homicides (per 100,000 people)Most recent value(2020)4(2020)TrendProportion of seats held by women in national parliaments (%)Proportion of seats held by women in national parliaments (%)Most recent value(2025)40(2025)TrendCentral government debt, total (% of GDP)Central government debt, total (% of GDP)No data availableTrendStatistical performance indicators (SPI): Overall score (scale 0-100)Statistical performance indicators (SPI): Overall score (scale 0-100)Most recent value(2024)68.2(2024)TrendForeign direct investment, net inflows (% of GDP)Foreign direct investment, net inflows (% of GDP)Most recent value(2024)2.2(2024)Trend",World Bank Tanzania,development,verified,,,
World Bank Tanzania: Individuals using the Internet (% of population)Individuals using the Internet (% of population)Most recent value(2024)31(2024)Trend,https://data.worldbank.org/country/tanzania,Development indicators from World Bank: Individuals using the Internet (% of population)Individuals using the Internet (% of population)Most recent value(2024)31(2024)Trend,World Bank Tanzania,development,verified,,,
World Bank Tanzania: Most recent value(2024)31(2024),https://data.worldbank.org/country/tanzania,Development indicators from World Bank: Most recent value(2024)31(2024),World Bank Tanzania,development,verified,,,
"World Bank Tanzania: Intentional homicides (per 100,000 people)Intentional homicides (per 100,000 people)Most recent value(2020)4(2020)Trend",https://data.worldbank.org/country/tanzania,"Development indicators from World Bank: Intentional homicides (per 100,000 people)Intentional homicides (per 100,000 people)Most recent value(2020)4(2020)Trend",World Bank Tanzania,development,verified,,,
"World Bank Tanzania: Intentional homicides (per 100,000 people)",https://data.worldbank.org/country/tanzania,"Development indicators from World Bank: Intentional homicides (per 100,000 people)",World Bank Tanzania,development,verified,,,
World Bank Tanzania: Most recent value(2020)4(2020),https://data.worldbank.org/country/tanzania,Development indicators from World Bank: Most recent value(2020)4(2020),World Bank Tanzania,development,verified,,,
World Bank Tanzania: Proportion of seats held by women in national parliaments (%)Proportion of seats held by women in national parliaments (%)Most recent value(2025)40(2025)Trend,https://data.worldbank.org/country/tanzania,Development indicators from World Bank: Proportion of seats held by women in national parliaments (%)Proportion of seats held by women in national parliaments (%)Most recent value(2025)40(2025)Trend,World Bank Tanzania,development,verified,,,
World Bank Tanzania: Most recent value(2025)40(2025),https://data.worldbank.org/country/tanzania,Development indicators from World Bank: Most recent value(2025)40(2025),World Bank Tanzania,development,verified,,,
World Bank Tanzania: Statistical performance indicators (SPI): Overall score (scale 0-100)Statistical performance indicators (SPI): Overall score (scale 0-100)Most recent value(2024)68.2(2024)Trend,https://data.worldbank.org/country/tanzania,Development indicators from World Bank: Statistical performance indicators (SPI): Overall score (scale 0-100)Statistical performance indicators (SPI): Overall score (scale 0-100)Most recent value(2024)68.2(2024)Trend,World Bank Tanzania,development,verified,,,
World Bank Tanzania: Statistical performance indicators (SPI): Overall score (scale 0-100),https://data.worldbank.org/country/tanzania,Development indicators from World Bank: Statistical performance indicators (SPI): Overall score (scale 0-100),World Bank Tanzania,development,verified,,,
World Bank Tanzania: Most recent value(2024)68.2(2024),https://data.worldbank.org/country/tanzania,Development indicators from World Bank: Most recent value(2024)68.2(2024),World Bank Tanzania,development,verified,,,
"World Bank Tanzania: Foreign direct investment, net inflows (% of GDP)Foreign direct investment, net inflows (% of GDP)Most recent value(2024)2.2(2024)Trend",https://data.worldbank.org/country/tanzania,"Development indicators from World Bank: Foreign direct investment, net inflows (% of GDP)Foreign direct investment, net inflows (% of GDP)Most recent value(2024)2.2(2024)Trend",World Bank Tanzania,development,verified,,,
World Bank Tanzania: Most recent value(2024)2.2(2024),https://data.worldbank.org/country/tanzania,Development indicators from World Bank: Most recent value(2024)2.2(2024),World Bank Tanzania,development,verified,,,
World Bank Tanzania: New and Supplemental Projects by Fiscal Year1FY2025,https://data.worldbank.org/country/tanzania,Development indicators from World Bank: New and Supplemental Projects by Fiscal Year1FY2025,World Bank Tanzania,development,verified,,,
"World Bank Tanzania: Summary of IDA Credits$1.97 billionDisbursed as ofMay 31, 2022Original Principal AmountCancelled AmountDisbursed AmountUndisbursed AmountBorrower's Obligation",https://data.worldbank.org/country/tanzania,"Development indicators from World Bank: Summary of IDA Credits$1.97 billionDisbursed as ofMay 31, 2022Original Principal AmountCancelled AmountDisbursed AmountUndisbursed AmountBorrower's Obligation",World Bank Tanzania,development,verified,,,
"World Bank Tanzania: Most Recent SurveysAnnual Agricultural Sample Survey 2023-2024ByNational Bureau of Statistics, Office of the Chief Government StatisticianSubmitted on:03 Feb, 2026The Global Findex Database 2025: Connectivity and Financial Inclusion in the Digital EconomyByDevelopment Research Group, Finance and Private Sector Development UnitSubmitted on:01 Oct, 2025Annual Agricultural Sample Survey 2022-2023ByNational Bureau of Statistics, Office of the Chief Government StatisticianSubmitted on:01 May, 2025Informal Sector Enterprise Survey 2023ByWorld Bank Group (WBG)Submitted on:29 Jan, 2025",https://data.worldbank.org/country/tanzania,"Development indicators from World Bank: Most Recent SurveysAnnual Agricultural Sample Survey 2023-2024ByNational Bureau of Statistics, Office of the Chief Government StatisticianSubmitted on:03 Feb, 2026The Global Findex Database 2025: Connectivity and Financial Inclusion in the Digital EconomyByDevelopment Research Group, Finance and Private Sector Development UnitSubmitted on:01 Oct, 2025Annual Agricultural Sample Survey 2022-2023ByNational Bureau of Statistics, Office of the Chief Government StatisticianSubmitted on:01 May, 2025Informal Sector Enterprise Survey 2023ByWorld Bank Group (WBG)Submitted on:29 Jan, 2025",World Bank Tanzania,development,verified,,,
World Bank Tanzania: Average Monthly Temperature 1901 - 2009 (C)Average Monthly Rainfall 1901 - 2009 (mm),https://data.worldbank.org/country/tanzania,Development indicators from World Bank: Average Monthly Temperature 1901 - 2009 (C)Average Monthly Rainfall 1901 - 2009 (mm),World Bank Tanzania,development,verified,,,
Tanzania GDP growth rate averaged 6.2% between 2010-2020,https://data.worldbank.org/country/tanzania,Verified development data from World Bank: Tanzania GDP growth rate averaged 6.2% between 2010-2020,World Bank Tanzania,development,verified,,,
Tanzania poverty headcount ratio decreased from 34.4% in 2012 to 26.4% in 2018,https://data.worldbank.org/country/tanzania,Verified development data from World Bank: Tanzania poverty headcount ratio decreased from 34.4% in 2012 to 26.4% in 2018,World Bank Tanzania,development,verified,,,
Tanzania's human development index improved from 0.47 in 2010 to 0.55 in 2021,https://data.worldbank.org/country/tanzania,Verified development data from World Bank: Tanzania's human development index improved from 0.47 in 2010 to 0.55 in 2021,World Bank Tanzania,development,verified,,,
Tanzania's primary school enrollment rate reached 98.1% in 2020,https://data.worldbank.org/country/tanzania,Verified development data from World Bank: Tanzania's primary school enrollment rate reached 98.1% in 2020,World Bank Tanzania,development,verified,,,
"Tanzania reduced child mortality from 81 per 1,000 in 2010 to 49 per 1,000 in 2021",https://data.worldbank.org/country/tanzania,"Verified development data from World Bank: Tanzania reduced child mortality from 81 per 1,000 in 2010 to 49 per 1,000 in 2021",World Bank Tanzania,development,verified,,,
"Tanzania's maternal mortality ratio decreased to 524 per 100,000 live births",https://data.worldbank.org/country/tanzania,"Verified development data from World Bank: Tanzania's maternal mortality ratio decreased to 524 per 100,000 live births",World Bank Tanzania,development,verified,,,
Tanzania's life expectancy at birth increased to 67.7 years in 2021,https://data.worldbank.org/country/tanzania,Verified development data from World Bank: Tanzania's life expectancy at birth increased to 67.7 years in 2021,World Bank Tanzania,development,verified,,,
Tanzania's adult literacy rate reached 77.9% in 2021,https://data.worldbank.org/country/tanzania,Verified development data from World Bank: Tanzania's adult literacy rate reached 77.9% in 2021,World Bank Tanzania,development,verified,,,
Tanzania's access to electricity increased to 40.5% in 2020,https://data.worldbank.org/country/tanzania,Verified development data from World Bank: Tanzania's access to electricity increased to 40.5% in 2020,World Bank Tanzania,development,verified,,,
Tanzania's mobile cellular subscriptions reached 82.1 per 100 people in 2021,https://data.worldbank.org/country/tanzania,Verified development data from World Bank: Tanzania's mobile cellular subscriptions reached 82.1 per 100 people in 2021,World Bank Tanzania,development,verified,,,
Tanzania's internet users reached 22% of population in 2021,https://data.worldbank.org/country/tanzania,Verified development data from World Bank: Tanzania's internet users reached 22% of population in 2021,World Bank Tanzania,development,verified,,,
Tanzania's foreign direct investment inflows reached USD 2.1 billion in 2021,https://data.worldbank.org/country/tanzania,Verified development data from World Bank: Tanzania's foreign direct investment inflows reached USD 2.1 billion in 2021,World Bank Tanzania,development,verified,,,
Tanzania's exports of goods and services reached 25.1% of GDP in 2021,https://data.worldbank.org/country/tanzania,Verified development data from World Bank: Tanzania's exports of goods and services reached 25.1% of GDP in 2021,World Bank Tanzania,development,verified,,,
Tanzania's government revenue reached 15.2% of GDP in 2021,https://data.worldbank.org/country/tanzania,Verified development data from World Bank: Tanzania's government revenue reached 15.2% of GDP in 2021,World Bank Tanzania,development,verified,,,
Tanzania's total debt service reached 4.7% of exports in 2021,https://data.worldbank.org/country/tanzania,Verified development data from World Bank: Tanzania's total debt service reached 4.7% of exports in 2021,World Bank Tanzania,development,verified,,,
Tanzania's GDP reached USD 67.8 billion in 2022,https://www.imf.org/en/Countries/TZA,Verified economic data from IMF: Tanzania's GDP reached USD 67.8 billion in 2022,International Monetary Fund (IMF),economic,verified,,,
"Tanzania's GDP per capita reached USD 1,120 in 2022",https://www.imf.org/en/Countries/TZA,"Verified economic data from IMF: Tanzania's GDP per capita reached USD 1,120 in 2022",International Monetary Fund (IMF),economic,verified,,,
Tanzania's inflation rate averaged 4.3% in 2022,https://www.imf.org/en/Countries/TZA,Verified economic data from IMF: Tanzania's inflation rate averaged 4.3% in 2022,International Monetary Fund (IMF),economic,verified,,,
Tanzania's current account balance reached -3.2% of GDP in 2022,https://www.imf.org/en/Countries/TZA,Verified economic data from IMF: Tanzania's current account balance reached -3.2% of GDP in 2022,International Monetary Fund (IMF),economic,verified,,,
Tanzania's fiscal deficit reached 2.8% of GDP in 2022,https://www.imf.org/en/Countries/TZA,Verified economic data from IMF: Tanzania's fiscal deficit reached 2.8% of GDP in 2022,International Monetary Fund (IMF),economic,verified,,,
Tanzania's public debt reached 39.4% of GDP in 2022,https://www.imf.org/en/Countries/TZA,Verified economic data from IMF: Tanzania's public debt reached 39.4% of GDP in 2022,International Monetary Fund (IMF),economic,verified,,,
Tanzania's external debt reached 25.1% of GDP in 2022,https://www.imf.org/en/Countries/TZA,Verified economic data from IMF: Tanzania's external debt reached 25.1% of GDP in 2022,International Monetary Fund (IMF),economic,verified,,,
Tanzania's foreign exchange reserves reached USD 6.2 billion in 2022,https://www.imf.org/en/Countries/TZA,Verified economic data from IMF: Tanzania's foreign exchange reserves reached USD 6.2 billion in 2022,International Monetary Fund (IMF),economic,verified,,,
Tanzania's exports reached USD 12.1 billion in 2022,https://www.imf.org/en/Countries/TZA,Verified economic data from IMF: Tanzania's exports reached USD 12.1 billion in 2022,International Monetary Fund (IMF),economic,verified,,,
Tanzania's imports reached USD 15.3 billion in 2022,https://www.imf.org/en/Countries/TZA,Verified economic data from IMF: Tanzania's imports reached USD 15.3 billion in 2022,International Monetary Fund (IMF),economic,verified,,,
Tanzania's trade deficit reached USD 3.2 billion in 2022,https://www.imf.org/en/Countries/TZA,Verified economic data from IMF: Tanzania's trade deficit reached USD 3.2 billion in 2022,International Monetary Fund (IMF),economic,verified,,,
Tanzania's tourism receipts reached USD 2.7 billion in 2022,https://www.imf.org/en/Countries/TZA,Verified economic data from IMF: Tanzania's tourism receipts reached USD 2.7 billion in 2022,International Monetary Fund (IMF),economic,verified,,,
Tanzania's remittances reached USD 1.8 billion in 2022,https://www.imf.org/en/Countries/TZA,Verified economic data from IMF: Tanzania's remittances reached USD 1.8 billion in 2022,International Monetary Fund (IMF),economic,verified,,,
Tanzania's FDI inflows reached USD 2.1 billion in 2022,https://www.imf.org/en/Countries/TZA,Verified economic data from IMF: Tanzania's FDI inflows reached USD 2.1 billion in 2022,International Monetary Fund (IMF),economic,verified,,,
Tanzania's tax revenue reached 13.2% of GDP in 2022,https://www.imf.org/en/Countries/TZA,Verified economic data from IMF: Tanzania's tax revenue reached 13.2% of GDP in 2022,International Monetary Fund (IMF),economic,verified,,,
"WHO Tanzania: The United Republic of Tanzania–Zanzibar completed its first Joint External Evaluation (JEE) from 22 to 28 April 2017. The present review, which...",https://www.who.int/countries/tza,"Global health data from WHO: The United Republic of Tanzania–Zanzibar completed its first Joint External Evaluation (JEE) from 22 to 28 April 2017. The present review, which...",World Health Organization (WHO),health,verified,,,
"WHO Tanzania: The Malaria Ministerial Conference, co-hosted by WHO and the Government of Cameroon on 6 March 2024, brought together more than 400 stakeholders, including...",https://www.who.int/countries/tza,"Global health data from WHO: The Malaria Ministerial Conference, co-hosted by WHO and the Government of Cameroon on 6 March 2024, brought together more than 400 stakeholders, including...",World Health Organization (WHO),health,verified,,,
Tanzania achieved 90% measles vaccination coverage in 2022,https://www.who.int/countries/tza,Verified global health data from WHO: Tanzania achieved 90% measles vaccination coverage in 2022,World Health Organization (WHO),health,verified,,,
Tanzania eliminated maternal and neonatal tetanus in 2018,https://www.who.int/countries/tza,Verified global health data from WHO: Tanzania eliminated maternal and neonatal tetanus in 2018,World Health Organization (WHO),health,verified,,,
Tanzania's HIV prevalence among adults is 4.7%,https://www.who.int/countries/tza,Verified global health data from WHO: Tanzania's HIV prevalence among adults is 4.7%,World Health Organization (WHO),health,verified,,,
"Tanzania's tuberculosis incidence rate is 261 per 100,000 population",https://www.who.int/countries/tza,"Verified global health data from WHO: Tanzania's tuberculosis incidence rate is 261 per 100,000 population",World Health Organization (WHO),health,verified,,,
Tanzania's malaria mortality rate decreased by 50% between 2010-2020,https://www.who.int/countries/tza,Verified global health data from WHO: Tanzania's malaria mortality rate decreased by 50% between 2010-2020,World Health Organization (WHO),health,verified,,,
Tanzania's skilled birth attendance reached 87% in 2021,https://www.who.int/countries/tza,Verified global health data from WHO: Tanzania's skilled birth attendance reached 87% in 2021,World Health Organization (WHO),health,verified,,,
Tanzania's antiretroviral therapy coverage reached 89% in 2021,https://www.who.int/countries/tza,Verified global health data from WHO: Tanzania's antiretroviral therapy coverage reached 89% in 2021,World Health Organization (WHO),health,verified,,,
Tanzania's hepatitis B vaccination coverage reached 95% in 2021,https://www.who.int/countries/tza,Verified global health data from WHO: Tanzania's hepatitis B vaccination coverage reached 95% in 2021,World Health Organization (WHO),health,verified,,,
Tanzania's pneumonia treatment coverage reached 72% in 2021,https://www.who.int/countries/tza,Verified global health data from WHO: Tanzania's pneumonia treatment coverage reached 72% in 2021,World Health Organization (WHO),health,verified,,,
Tanzania's diarrhea treatment coverage reached 61% in 2021,https://www.who.int/countries/tza,Verified global health data from WHO: Tanzania's diarrhea treatment coverage reached 61% in 2021,World Health Organization (WHO),health,verified,,,
Tanzania's nutrition rehabilitation coverage reached 45% in 2021,https://www.who.int/countries/tza,Verified global health data from WHO: Tanzania's nutrition rehabilitation coverage reached 45% in 2021,World Health Organization (WHO),health,verified,,,
Tanzania's mental health treatment gap is estimated at 90%,https://www.who.int/countries/tza,Verified global health data from WHO: Tanzania's mental health treatment gap is estimated at 90%,World Health Organization (WHO),health,verified,,,
